mean_fit_time,std_fit_time,mean_score_time,std_score_time,param_model__max_depth,param_model__min_samples_leaf,param_prep,params,split0_test_f1,split1_test_f1,split2_test_f1,split3_test_f1,split4_test_f1,mean_test_f1,std_test_f1,rank_test_f1,split0_train_f1,split1_train_f1,split2_train_f1,split3_train_f1,split4_train_f1,mean_train_f1,std_train_f1,split0_test_precision,split1_test_precision,split2_test_precision,split3_test_precision,split4_test_precision,mean_test_precision,std_test_precision,rank_test_precision,split0_train_precision,split1_train_precision,split2_train_precision,split3_train_precision,split4_train_precision,mean_train_precision,std_train_precision,split0_test_recall,split1_test_recall,split2_test_recall,split3_test_recall,split4_test_recall,mean_test_recall,std_test_recall,rank_test_recall,split0_train_recall,split1_train_recall,split2_train_recall,split3_train_recall,split4_train_recall,mean_train_recall,std_train_recall,split0_test_roc_auc,split1_test_roc_auc,split2_test_roc_auc,split3_test_roc_auc,split4_test_roc_auc,mean_test_roc_auc,std_test_roc_auc,rank_test_roc_auc,split0_train_roc_auc,split1_train_roc_auc,split2_train_roc_auc,split3_train_roc_auc,split4_train_roc_auc,mean_train_roc_auc,std_train_roc_auc,split0_test_ap,split1_test_ap,split2_test_ap,split3_test_ap,split4_test_ap,mean_test_ap,std_test_ap,rank_test_ap,split0_train_ap,split1_train_ap,split2_train_ap,split3_train_ap,split4_train_ap,mean_train_ap,std_train_ap,experimento,param_model__C,param_model__gamma,param_model__n_neighbors,param_model__weights
0.32470111846923827,0.0049593896106424964,0.03692631721496582,0.0010302103318862805,,1.0,"ColumnTransformer(transformers=[('numeric', 'passthrough',
                                 ['call_failure', 'subscription_length',
                                  'charge_amount', 'seconds_of_use',
                                  'frequency_of_use', 'frequency_of_sms',
                                  'distinct_called_numbers', 'age',
                                  'customer_value']),
                                ('binary', 'passthrough',
                                 ['complains', 'tariff_plan', 'status'])],
                  verbose_feature_names_out=False)","{'model__max_depth': None, 'model__min_samples_leaf': 1, 'prep': ColumnTransformer(transformers=[('numeric', 'passthrough',
                                 ['call_failure', 'subscription_length',
                                  'charge_amount', 'seconds_of_use',
                                  'frequency_of_use', 'frequency_of_sms',
                                  'distinct_called_numbers', 'age',
                                  'customer_value']),
                                ('binary', 'passthrough',
                                 ['complains', 'tariff_plan', 'status'])],
                  verbose_feature_names_out=False)}",0.881578947368421,0.84,0.8050314465408805,0.8531468531468531,0.8387096774193549,0.8436933848951019,0.024730175152632584,1,0.9698890649762282,0.9669291338582677,0.9746031746031746,0.9749216300940439,0.9746031746031746,0.9721892356269777,0.0032273716217694533,0.9178082191780822,0.8873239436619719,0.8,0.9384615384615385,0.8666666666666667,0.8820520735936519,0.047869772957641096,1,0.9714285714285714,0.9623824451410659,0.9777070063694268,0.9688473520249221,0.9746031746031746,0.9709937099134323,0.005235387709717062,0.8481012658227848,0.7974683544303798,0.810126582278481,0.782051282051282,0.8125,0.8100494969165855,0.021891245767692375,1,0.9683544303797469,0.9715189873417721,0.9715189873417721,0.9810725552050473,0.9746031746031746,0.9734136269743026,0.004309268941751678,0.9909028338869437,0.9768875651526433,0.9713179448994788,0.9855164489598451,0.9837205882352941,0.981669076226841,0.006845173875103112,2,0.9995455256628992,0.999393009256842,0.9996689989035006,0.9995987114177749,0.9996165034467922,0.9995645497375618,9.440750871135003e-05,0.9487978211978961,0.931776256949587,0.852696494945044,0.945199336715008,0.9269201272034043,0.921078007402188,0.035142113646629086,2,0.9972769023513357,0.9963982599701384,0.9979773358052703,0.997641005384939,0.9976326633530302,0.9973852333729427,0.0005409396113468616,Random Forest | Sem balanceamento,,,,
0.3139819145202637,0.0051488042855763255,0.035581111907958984,0.00014731783487631757,,3.0,"ColumnTransformer(transformers=[('numeric', 'passthrough',
                                 ['call_failure', 'subscription_length',
                                  'charge_amount', 'seconds_of_use',
                                  'frequency_of_use', 'frequency_of_sms',
                                  'distinct_called_numbers', 'age',
                                  'customer_value']),
                                ('binary', 'passthrough',
                                 ['complains', 'tariff_plan', 'status'])],
                  verbose_feature_names_out=False)","{'model__max_depth': None, 'model__min_samples_leaf': 3, 'prep': ColumnTransformer(transformers=[('numeric', 'passthrough',
                                 ['call_failure', 'subscription_length',
                                  'charge_amount', 'seconds_of_use',
                                  'frequency_of_use', 'frequency_of_sms',
                                  'distinct_called_numbers', 'age',
                                  'customer_value']),
                                ('binary', 'passthrough',
                                 ['complains', 'tariff_plan', 'status'])],
                  verbose_feature_names_out=False)}",0.8456375838926175,0.8344370860927153,0.7898089171974523,0.782608695652174,0.8129032258064516,0.8130791017282821,0.024438479182790386,3,0.9305331179321487,0.9297124600638977,0.935064935064935,0.9318541996830428,0.9371980676328503,0.932872556075375,0.0028288797513240913,0.9,0.875,0.7948717948717948,0.9,0.84,0.8619743589743589,0.04011780810668354,2,0.9504950495049505,0.9387096774193548,0.96,0.9363057324840764,0.9509803921568627,0.9472981703130487,0.00871448416465188,0.7974683544303798,0.7974683544303798,0.7848101265822784,0.6923076923076923,0.7875,0.7719109055501462,0.040130905083382705,4,0.9113924050632911,0.9208860759493671,0.9113924050632911,0.9274447949526814,0.9238095238095239,0.9189850409676309,0.0065383980627187486,0.9895562139031032,0.9844676098287416,0.9674906924795235,0.9847000483792936,0.9824705882352942,0.9817370305651913,0.007494950586356318,1,0.9975786203351189,0.9972037400326713,0.9978806605849488,0.9973228849676554,0.9976335456594737,0.9975238903159737,0.00023883217879066646,0.944454113635666,0.9385673163195989,0.8654460659166383,0.9324009248227335,0.9256911800730383,0.9213119201535349,0.028623233317102596,1,0.987137153050773,0.9844570419437055,0.9886826268594837,0.9852087465186805,0.9868076088506293,0.9864586354446544,0.0014897587229775193,Random Forest | Sem balanceamento,,,,
0.3143183708190918,0.004869455592656308,0.03561491966247558,0.000467113204357082,10,1.0,"ColumnTransformer(transformers=[('numeric', 'passthrough',
                                 ['call_failure', 'subscription_length',
                                  'charge_amount', 'seconds_of_use',
                                  'frequency_of_use', 'frequency_of_sms',
                                  'distinct_called_numbers', 'age',
                                  'customer_value']),
                                ('binary', 'passthrough',
                                 ['complains', 'tariff_plan', 'status'])],
                  verbose_feature_names_out=False)","{'model__max_depth': 10, 'model__min_samples_leaf': 1, 'prep': ColumnTransformer(transformers=[('numeric', 'passthrough',
                                 ['call_failure', 'subscription_length',
                                  'charge_amount', 'seconds_of_use',
                                  'frequency_of_use', 'frequency_of_sms',
                                  'distinct_called_numbers', 'age',
                                  'customer_value']),
                                ('binary', 'passthrough',
                                 ['complains', 'tariff_plan', 'status'])],
                  verbose_feature_names_out=False)}",0.821917808219178,0.8243243243243243,0.7898089171974523,0.8053691275167785,0.8205128205128205,0.8123865995541106,0.013102559542082653,4,0.940032414910859,0.944,0.9528301886792453,0.9439252336448598,0.9435736677115988,0.9448723009893125,0.004244920910897207,0.8955223880597015,0.8840579710144928,0.7948717948717948,0.8450704225352113,0.8421052631578947,0.852325567927819,0.03558353124070881,4,0.9634551495016611,0.9546925566343042,0.946875,0.9323076923076923,0.9318885448916409,0.9458437886670596,0.012389502453926837,0.759493670886076,0.7721518987341772,0.7848101265822784,0.7692307692307693,0.8,0.7771372930866601,0.014001717194310474,3,0.9177215189873418,0.9335443037974683,0.9588607594936709,0.9558359621451105,0.9555555555555556,0.9443036199958295,0.016086530133808757,0.9887482419127989,0.9781533879374535,0.9709456440804171,0.9849419448476052,0.9824411764705882,0.9810460790497725,0.006112836139441971,3,0.9984242406180851,0.9982983746447566,0.9987552493976712,0.9982034904675383,0.9984996866552553,0.9984362083566614,0.00018926999501401448,0.9411973542716101,0.9314230351783059,0.8739126569960961,0.9307412633723031,0.9259465797302399,0.920644177909711,0.02388521915070043,3,0.9913287495132231,0.9906392103475876,0.9931103633895892,0.9900134707071124,0.9916151173688171,0.9913413822652659,0.0010450626028909692,Random Forest | Sem balanceamento,,,,
0.31159310340881347,0.004498534431233968,0.03575267791748047,0.0003997308747424169,10,3.0,"ColumnTransformer(transformers=[('numeric', 'passthrough',
                                 ['call_failure', 'subscription_length',
                                  'charge_amount', 'seconds_of_use',
                                  'frequency_of_use', 'frequency_of_sms',
                                  'distinct_called_numbers', 'age',
                                  'customer_value']),
                                ('binary', 'passthrough',
                                 ['complains', 'tariff_plan', 'status'])],
                  verbose_feature_names_out=False)","{'model__max_depth': 10, 'model__min_samples_leaf': 3, 'prep': ColumnTransformer(transformers=[('numeric', 'passthrough',
                                 ['call_failure', 'subscription_length',
                                  'charge_amount', 'seconds_of_use',
                                  'frequency_of_use', 'frequency_of_sms',
                                  'distinct_called_numbers', 'age',
                                  'customer_value']),
                                ('binary', 'passthrough',
                                 ['complains', 'tariff_plan', 'status'])],
                  verbose_feature_names_out=False)}",0.8413793103448276,0.84,0.7898089171974523,0.7945205479452054,0.8205128205128205,0.8172443192000612,0.02181775868482338,2,0.9057851239669421,0.9029126213592233,0.9233226837060703,0.9006410256410257,0.9154704944178629,0.9096263898182249,0.008512447409434628,0.9242424242424242,0.8873239436619719,0.7948717948717948,0.8529411764705882,0.8421052631578947,0.8602969204809348,0.04355451264889869,3,0.9480968858131488,0.9238410596026491,0.932258064516129,0.9153094462540716,0.9198717948717948,0.9278754502115587,0.01154428887177074,0.7721518987341772,0.7974683544303798,0.7848101265822784,0.7435897435897436,0.8,0.7796040246673158,0.020565972903131356,2,0.8670886075949367,0.8829113924050633,0.9145569620253164,0.886435331230284,0.9111111111111111,0.8924206808733424,0.01792937277105511,0.9861747014992369,0.9834847356664185,0.9682650781831721,0.9822206095791002,0.9822647058823529,0.9804819661620561,0.006274986120240764,4,0.9961313803354169,0.9957771719266315,0.9968867248979958,0.9960651425131812,0.9964643488509133,0.9962649537048277,0.00038001454219524993,0.9332746014158276,0.9314221155225184,0.8726184503955629,0.9205656555109242,0.9243997183073964,0.9164561082304459,0.02239898502899852,4,0.9800384393877111,0.977600112906629,0.9837936404597563,0.9786022573995533,0.9809821349147275,0.9802033170136755,0.0021384212827661913,Random Forest | Sem balanceamento,,,,
0.570434856414795,0.004418463697293182,0.03917121887207031,0.000760362549882919,,1.0,"ColumnTransformer(transformers=[('numeric', StandardScaler(),
                                 ['call_failure', 'subscription_length',
                                  'charge_amount', 'seconds_of_use',
                                  'frequency_of_use', 'frequency_of_sms',
                                  'distinct_called_numbers', 'age',
                                  'customer_value']),
                                ('binary', 'passthrough',
                                 ['complains', 'tariff_plan', 'status'])],
                  verbose_feature_names_out=False)","{'model__max_depth': None, 'model__min_samples_leaf': 1, 'prep': ColumnTransformer(transformers=[('numeric', StandardScaler(),
                                 ['call_failure', 'subscription_length',
                                  'charge_amount', 'seconds_of_use',
                                  'frequency_of_use', 'frequency_of_sms',
                                  'distinct_called_numbers', 'age',
                                  'customer_value']),
                                ('binary', 'passthrough',
                                 ['complains', 'tariff_plan', 'status'])],
                  verbose_feature_names_out=False)}",0.9202453987730062,0.8727272727272727,0.8372093023255814,0.8780487804878049,0.8414634146341463,0.8699388337895624,0.029954528317165934,1,0.9688473520249221,0.9659442724458205,0.973561430793157,0.9750778816199377,0.973561430793157,0.9713984735353989,0.003439515737342175,0.8928571428571429,0.8372093023255814,0.7741935483870968,0.8372093023255814,0.8214285714285714,0.8325795734647949,0.03797242926462195,1,0.9539877300613497,0.9454545454545454,0.9571865443425076,0.963076923076923,0.9542682926829268,0.9547948071236505,0.005700577698368017,0.9493670886075949,0.9113924050632911,0.9113924050632911,0.9230769230769231,0.8625,0.91154576436222,0.028174294060369986,4,0.9841772151898734,0.9873417721518988,0.990506329113924,0.9873817034700315,0.9936507936507937,0.9886115627153043,0.003217836165528717,0.9883891432504414,0.9843335815338794,0.9736857781087117,0.9849721819061441,0.9762941176470589,0.9815349604892469,0.005580370774124417,1,0.9989904709397188,0.9987683029620402,0.9993724965128336,0.9989614800117415,0.9991974633106042,0.9990580427473876,0.00020792244629717845,0.9074471216588575,0.940149011128967,0.8598279447755892,0.9414591946492309,0.8169985786611123,0.8931763701747514,0.048283512469303895,3,0.9941517945579645,0.992829874937659,0.9963250556385441,0.9938544648521972,0.995339136456599,0.9945000652885929,0.001213446202848218,Random Forest | SMOTENC,,,,
0.5552765369415283,0.0037456645397399447,0.03908066749572754,0.0011902000028239726,,3.0,"ColumnTransformer(transformers=[('numeric', StandardScaler(),
                                 ['call_failure', 'subscription_length',
                                  'charge_amount', 'seconds_of_use',
                                  'frequency_of_use', 'frequency_of_sms',
                                  'distinct_called_numbers', 'age',
                                  'customer_value']),
                                ('binary', 'passthrough',
                                 ['complains', 'tariff_plan', 'status'])],
                  verbose_feature_names_out=False)","{'model__max_depth': None, 'model__min_samples_leaf': 3, 'prep': ColumnTransformer(transformers=[('numeric', StandardScaler(),
                                 ['call_failure', 'subscription_length',
                                  'charge_amount', 'seconds_of_use',
                                  'frequency_of_use', 'frequency_of_sms',
                                  'distinct_called_numbers', 'age',
                                  'customer_value']),
                                ('binary', 'passthrough',
                                 ['complains', 'tariff_plan', 'status'])],
                  verbose_feature_names_out=False)}",0.9156626506024096,0.8705882352941177,0.8228571428571428,0.8674698795180723,0.8170731707317073,0.85873021580069,0.036001342327596074,2,0.9319213313161876,0.9345509893455098,0.9357798165137615,0.9447852760736196,0.9382716049382716,0.93706180363747,0.004370075073481468,0.8735632183908046,0.8131868131868132,0.75,0.8181818181818182,0.7976190476190477,0.8105101794756967,0.03967207386970689,2,0.8927536231884058,0.9002932551319648,0.9053254437869822,0.9194029850746268,0.9129129129129129,0.9061376440189784,0.009336188796082607,0.9620253164556962,0.9367088607594937,0.9113924050632911,0.9230769230769231,0.8375,0.9141407010710809,0.04186517521187544,3,0.9746835443037974,0.9715189873417721,0.9683544303797469,0.9716088328075709,0.9650793650793651,0.9702490319824506,0.0032693031535380597,0.988718317024269,0.9845867460908414,0.9718093819806404,0.9826741654571843,0.9783529411764706,0.981228310345881,0.005769813638379272,2,0.9966473204640107,0.9962060747558983,0.9972857910087048,0.9965147343506742,0.9969694418722115,0.9967246724903,0.0003724961773187431,0.9253939329603253,0.9383084710274366,0.8558061710188605,0.9331998930855889,0.8853370661374527,0.9076091068459327,0.03191622565108702,1,0.9820031794894296,0.978665571528152,0.9861098076528122,0.9801815588180359,0.9833390341397321,0.9820598303256324,0.002572577878566235,Random Forest | SMOTENC,,,,
0.5387009143829345,0.00325487796418922,0.03812484741210938,0.0005958853007869741,10,1.0,"ColumnTransformer(transformers=[('numeric', StandardScaler(),
                                 ['call_failure', 'subscription_length',
                                  'charge_amount', 'seconds_of_use',
                                  'frequency_of_use', 'frequency_of_sms',
                                  'distinct_called_numbers', 'age',
                                  'customer_value']),
                                ('binary', 'passthrough',
                                 ['complains', 'tariff_plan', 'status'])],
                  verbose_feature_names_out=False)","{'model__max_depth': 10, 'model__min_samples_leaf': 1, 'prep': ColumnTransformer(transformers=[('numeric', StandardScaler(),
                                 ['call_failure', 'subscription_length',
                                  'charge_amount', 'seconds_of_use',
                                  'frequency_of_use', 'frequency_of_sms',
                                  'distinct_called_numbers', 'age',
                                  'customer_value']),
                                ('binary', 'passthrough',
                                 ['complains', 'tariff_plan', 'status'])],
                  verbose_feature_names_out=False)}",0.8888888888888888,0.8409090909090909,0.7891891891891892,0.7955801104972375,0.7865168539325843,0.8202168266833981,0.039621691439552985,3,0.9255952380952381,0.9133627019089574,0.9104258443465492,0.8994252873563219,0.9021897810218978,0.9101997705457929,0.009244729151366217,0.8260869565217391,0.7628865979381443,0.6886792452830188,0.6990291262135923,0.7142857142857143,0.7381935280484418,0.050778146081040525,3,0.8735955056179775,0.852054794520548,0.8493150684931506,0.8258575197889182,0.8351351351351352,0.8471916047111459,0.016283902080027605,0.9620253164556962,0.9367088607594937,0.9240506329113924,0.9230769230769231,0.875,0.9241723466407011,0.02831658860539125,1,0.9841772151898734,0.9841772151898734,0.9810126582278481,0.9873817034700315,0.9809523809523809,0.9835402346060015,0.002393908955734456,0.9867731992698328,0.9806552494415488,0.9682948622486969,0.9791666666666666,0.9764705882352941,0.9782721131724077,0.006025596358219673,3,0.9959078683663509,0.9949939580644921,0.9962676129879237,0.9955765365079718,0.9955982078551319,0.995668836756374,0.0004206276529994139,0.9146951279220996,0.9215731519911632,0.8541608808404847,0.9079475470048998,0.8929910146659766,0.8982735444849247,0.02399982771763548,2,0.9777398208119639,0.9724578718326626,0.9804809629317726,0.9740466956677732,0.9756695816968741,0.9760789865882092,0.002812332017072621,Random Forest | SMOTENC,,,,
0.5360090732574463,0.003594040653591636,0.03782534599304199,0.0003148522572542571,10,3.0,"ColumnTransformer(transformers=[('numeric', StandardScaler(),
                                 ['call_failure', 'subscription_length',
                                  'charge_amount', 'seconds_of_use',
                                  'frequency_of_use', 'frequency_of_sms',
                                  'distinct_called_numbers', 'age',
                                  'customer_value']),
                                ('binary', 'passthrough',
                                 ['complains', 'tariff_plan', 'status'])],
                  verbose_feature_names_out=False)","{'model__max_depth': 10, 'model__min_samples_leaf': 3, 'prep': ColumnTransformer(transformers=[('numeric', StandardScaler(),
                                 ['call_failure', 'subscription_length',
                                  'charge_amount', 'seconds_of_use',
                                  'frequency_of_use', 'frequency_of_sms',
                                  'distinct_called_numbers', 'age',
                                  'customer_value']),
                                ('binary', 'passthrough',
                                 ['complains', 'tariff_plan', 'status'])],
                  verbose_feature_names_out=False)}",0.8735632183908046,0.8295454545454546,0.7807486631016043,0.7741935483870968,0.7727272727272727,0.8061556314304467,0.03968730417372902,4,0.9069423929098966,0.8927536231884058,0.884393063583815,0.873758865248227,0.8853410740203193,0.8886378037901327,0.010975126522192747,0.8,0.7525773195876289,0.6759259259259259,0.6666666666666666,0.7083333333333334,0.7207006491027109,0.04976325304224271,4,0.850415512465374,0.8235294117647058,0.8138297872340425,0.7938144329896907,0.8155080213903744,0.8194194331688374,0.018329256252051528,0.9620253164556962,0.9240506329113924,0.9240506329113924,0.9230769230769231,0.85,0.9166407010710808,0.036474608939149,2,0.9715189873417721,0.9746835443037974,0.9683544303797469,0.9716088328075709,0.9682539682539683,0.9708839526173711,0.0023950331052942993,0.9870425232666008,0.98,0.9659717051377513,0.9775641025641025,0.9743529411764706,0.976986254428985,0.006910857378695612,4,0.9932350377362709,0.9917902404093597,0.9935412828297144,0.9922974886022896,0.9925713911571308,0.9926870881469532,0.0006323617274272032,0.9154684359732007,0.9186331258495323,0.8421722203029961,0.9022165672076481,0.8859312306277098,0.8928843159922174,0.027857482450538776,4,0.9656092900688653,0.9570704965825738,0.9687851390774823,0.9589160783746652,0.9614132138211051,0.9623588435849385,0.00430293244341801,Random Forest | SMOTENC,,,,
0.20396690368652343,0.0015908815618693604,0.03673529624938965,0.0009095968576493097,,1.0,"ColumnTransformer(transformers=[('numeric', 'passthrough',
                                 ['call_failure', 'subscription_length',
                                  'charge_amount', 'seconds_of_use',
                                  'frequency_of_use', 'frequency_of_sms',
                                  'distinct_called_numbers', 'age',
                                  'customer_value']),
                                ('binary', 'passthrough',
                                 ['complains', 'tariff_plan', 'status'])],
                  verbose_feature_names_out=False)","{'model__max_depth': None, 'model__min_samples_leaf': 1, 'prep': ColumnTransformer(transformers=[('numeric', 'passthrough',
                                 ['call_failure', 'subscription_length',
                                  'charge_amount', 'seconds_of_use',
                                  'frequency_of_use', 'frequency_of_sms',
                                  'distinct_called_numbers', 'age',
                                  'customer_value']),
                                ('binary', 'passthrough',
                                 ['complains', 'tariff_plan', 'status'])],
                  verbose_feature_names_out=False)}",0.7684729064039408,0.7653061224489796,0.6889952153110048,0.7184466019417476,0.7708333333333334,0.7424108358878013,0.0329811372077236,1,0.8050955414012739,0.7806691449814126,0.8056265984654731,0.8050955414012739,0.8467741935483871,0.808652203959564,0.021310990899993346,0.6290322580645161,0.6410256410256411,0.5538461538461539,0.578125,0.6607142857142857,0.6125486677301193,0.04008378113520116,1,0.673773987206823,0.6415478615071283,0.6759656652360515,0.6752136752136753,0.7342657342657343,0.6801533846858824,0.03000389052444216,0.9873417721518988,0.9493670886075949,0.9113924050632911,0.9487179487179487,0.925,0.9443638429081467,0.025896591407911253,1,1.0,0.9968354430379747,0.9968354430379747,0.9968454258675079,1.0,0.9981032623886914,0.0015486840645161878,0.9809976957835832,0.9752345495160089,0.9509754281459419,0.9736484034833092,0.97575,0.9713212153857687,0.01046832797454373,1,0.9946059111465418,0.9892252150108531,0.989097476559528,0.9906728271895309,0.9931513127741767,0.9913505485361261,0.0021859926676613796,0.8852287003500273,0.8862201060317005,0.6974382392662754,0.8900210976840727,0.9019365976443291,0.852168948195281,0.07759333090003528,1,0.962922524088282,0.8892067198166341,0.8866285522510312,0.9110920119864957,0.9290925293136704,0.9157884674912227,0.028204836510176162,Random Forest | Undersampling,,,,
0.19833950996398925,0.0004223203635099197,0.03553671836853027,0.0002450064490543427,,3.0,"ColumnTransformer(transformers=[('numeric', 'passthrough',
                                 ['call_failure', 'subscription_length',
                                  'charge_amount', 'seconds_of_use',
                                  'frequency_of_use', 'frequency_of_sms',
                                  'distinct_called_numbers', 'age',
                                  'customer_value']),
                                ('binary', 'passthrough',
                                 ['complains', 'tariff_plan', 'status'])],
                  verbose_feature_names_out=False)","{'model__max_depth': None, 'model__min_samples_leaf': 3, 'prep': ColumnTransformer(transformers=[('numeric', 'passthrough',
                                 ['call_failure', 'subscription_length',
                                  'charge_amount', 'seconds_of_use',
                                  'frequency_of_use', 'frequency_of_sms',
                                  'distinct_called_numbers', 'age',
                                  'customer_value']),
                                ('binary', 'passthrough',
                                 ['complains', 'tariff_plan', 'status'])],
                  verbose_feature_names_out=False)}",0.7549019607843137,0.7281553398058253,0.6666666666666666,0.6919431279620853,0.7336683417085427,0.7150670873854866,0.031564044030142846,4,0.7637698898408812,0.7548543689320388,0.7803030303030303,0.7804265997490589,0.8099606815203145,0.7778629140690648,0.01881913817407325,0.616,0.5905511811023622,0.5390625,0.5488721804511278,0.6134453781512605,0.58158624794095,0.032119028272355826,4,0.6227544910179641,0.6122047244094488,0.6491596638655462,0.6479166666666667,0.6897321428571429,0.6443535377633538,0.02681446459030502,0.9746835443037974,0.9493670886075949,0.8734177215189873,0.9358974358974359,0.9125,0.9291731580655631,0.03438275411606342,4,0.9873417721518988,0.9841772151898734,0.9778481012658228,0.9810725552050473,0.9809523809523809,0.9822784049530047,0.0032274811148017865,0.9765688122811743,0.9729113924050633,0.9494713328369323,0.9682510885341075,0.9718235294117648,0.9678052310938086,0.009543066321542101,3,0.988291698020429,0.9832364261578511,0.9835590356772562,0.9867890596842454,0.9888636342378241,0.9861479707555212,0.0023478103217103425,0.8811576145755595,0.86716580046538,0.7125701062765518,0.868274628415918,0.8900849517801298,0.8438506203027079,0.06618780611282185,3,0.9400458676096253,0.9036260556327069,0.8559849482740521,0.923381859349005,0.9319576999995904,0.9109992861729961,0.03005737521740766,Random Forest | Undersampling,,,,
0.2007911205291748,0.000558738770025566,0.03616418838500977,0.0006545513049765672,10,1.0,"ColumnTransformer(transformers=[('numeric', 'passthrough',
                                 ['call_failure', 'subscription_length',
                                  'charge_amount', 'seconds_of_use',
                                  'frequency_of_use', 'frequency_of_sms',
                                  'distinct_called_numbers', 'age',
                                  'customer_value']),
                                ('binary', 'passthrough',
                                 ['complains', 'tariff_plan', 'status'])],
                  verbose_feature_names_out=False)","{'model__max_depth': 10, 'model__min_samples_leaf': 1, 'prep': ColumnTransformer(transformers=[('numeric', 'passthrough',
                                 ['call_failure', 'subscription_length',
                                  'charge_amount', 'seconds_of_use',
                                  'frequency_of_use', 'frequency_of_sms',
                                  'distinct_called_numbers', 'age',
                                  'customer_value']),
                                ('binary', 'passthrough',
                                 ['complains', 'tariff_plan', 'status'])],
                  verbose_feature_names_out=False)}",0.7609756097560976,0.75,0.6824644549763034,0.7014218009478673,0.7589743589743589,0.7307672449309255,0.03247275798444017,2,0.7802469135802469,0.7701711491442543,0.7816377171215881,0.7870485678704857,0.8346666666666667,0.7907542028766483,0.022623933118446383,0.6190476190476191,0.6198347107438017,0.5454545454545454,0.556390977443609,0.6434782608695652,0.596841222711828,0.03866174026095613,2,0.6396761133603239,0.6274900398406374,0.6428571428571429,0.6502057613168725,0.7195402298850575,0.6559538574520067,0.03262804060093194,0.9873417721518988,0.9493670886075949,0.9113924050632911,0.9487179487179487,0.925,0.9443638429081467,0.025896591407911253,1,1.0,0.9968354430379747,0.9968354430379747,0.9968454258675079,0.9936507936507937,0.9968334211188502,0.0020078093386213763,0.980459047790047,0.9739538346984363,0.9502457185405807,0.9727261731978712,0.9758382352941177,0.9706446019042106,0.010532763920782775,2,0.9938366574530066,0.9915011971983322,0.9873352453697142,0.9920188159757444,0.9939014694465491,0.9917186770886695,0.0023917473859216254,0.8928217679862117,0.8861784575425625,0.6803714372699696,0.8832565851668951,0.9007897057035843,0.8486835907338447,0.08437222753148023,2,0.9661059148595498,0.9519686648869334,0.8843700070561298,0.9523704513166412,0.9649661889164123,0.9439562454071332,0.030389284660698703,Random Forest | Undersampling,,,,
0.20336179733276366,0.0044572648465469504,0.03731222152709961,0.0010882198041250327,10,3.0,"ColumnTransformer(transformers=[('numeric', 'passthrough',
                                 ['call_failure', 'subscription_length',
                                  'charge_amount', 'seconds_of_use',
                                  'frequency_of_use', 'frequency_of_sms',
                                  'distinct_called_numbers', 'age',
                                  'customer_value']),
                                ('binary', 'passthrough',
                                 ['complains', 'tariff_plan', 'status'])],
                  verbose_feature_names_out=False)","{'model__max_depth': 10, 'model__min_samples_leaf': 3, 'prep': ColumnTransformer(transformers=[('numeric', 'passthrough',
                                 ['call_failure', 'subscription_length',
                                  'charge_amount', 'seconds_of_use',
                                  'frequency_of_use', 'frequency_of_sms',
                                  'distinct_called_numbers', 'age',
                                  'customer_value']),
                                ('binary', 'passthrough',
                                 ['complains', 'tariff_plan', 'status'])],
                  verbose_feature_names_out=False)}",0.75,0.746268656716418,0.6761904761904762,0.6728971962616822,0.7474747474747475,0.7185662153286648,0.03597936597133165,3,0.7497005988023953,0.7594627594627594,0.7620221948212084,0.7644882860665845,0.8025974025974026,0.7676542483500699,0.01817801636679289,0.6046511627906976,0.6147540983606558,0.5419847328244275,0.5294117647058824,0.6271186440677966,0.583584080549892,0.039939443461936015,3,0.603082851637765,0.6182902584493042,0.6242424242424243,0.6275303643724697,0.6791208791208792,0.6304533555645685,0.025739979841266577,0.9873417721518988,0.9493670886075949,0.8987341772151899,0.9230769230769231,0.925,0.9367039922103213,0.029963064146940815,3,0.990506329113924,0.9841772151898734,0.9778481012658228,0.9779179810725552,0.9809523809523809,0.9822804015189112,0.004726593344263542,0.9756710656252805,0.9729113924050633,0.9491734921816828,0.9655902273826802,0.9698235294117646,0.9666339414012943,0.009351001047206643,4,0.9871108097838639,0.9828131177133139,0.9821623042897742,0.9860124919649393,0.9881265725697075,0.9852450592643198,0.002357575653966581,0.8741571324150996,0.8722642198648723,0.7073720781037146,0.8512979614347815,0.8827517622964666,0.837568630822987,0.06591457285987583,4,0.9344916699876542,0.9087176533243649,0.8485746853997265,0.9235892533210537,0.933387735408425,0.9097521994882449,0.03195591504999782,Random Forest | Undersampling,,,,
0.028619384765625,0.0006625582666158013,0.02461237907409668,0.0002856994176517542,,,"ColumnTransformer(transformers=[('numeric', StandardScaler(),
                                 ['call_failure', 'subscription_length',
                                  'charge_amount', 'seconds_of_use',
                                  'frequency_of_use', 'frequency_of_sms',
                                  'distinct_called_numbers', 'age',
                                  'customer_value']),
                                ('binary', 'passthrough',
                                 ['complains', 'tariff_plan', 'status'])],
                  verbose_feature_names_out=False)","{'model__C': 1, 'model__gamma': 'scale', 'prep': ColumnTransformer(transformers=[('numeric', StandardScaler(),
                                 ['call_failure', 'subscription_length',
                                  'charge_amount', 'seconds_of_use',
                                  'frequency_of_use', 'frequency_of_sms',
                                  'distinct_called_numbers', 'age',
                                  'customer_value']),
                                ('binary', 'passthrough',
                                 ['complains', 'tariff_plan', 'status'])],
                  verbose_feature_names_out=False)}",0.6504065040650406,0.6666666666666666,0.6984126984126984,0.6721311475409836,0.672,0.6719234033370778,0.015442422174072063,4,0.6747474747474748,0.6747474747474748,0.6904761904761905,0.7045009784735812,0.6707317073170732,0.6830407651523589,0.012687762149493001,0.9090909090909091,0.9318181818181818,0.9361702127659575,0.9318181818181818,0.9333333333333333,0.9284461637653127,0.009807265208606548,3,0.9329608938547486,0.9329608938547486,0.925531914893617,0.9278350515463918,0.9322033898305084,0.930298428796003,0.0030526774862932194,0.5063291139240507,0.5189873417721519,0.5569620253164557,0.5256410256410257,0.525,0.5265839013307367,0.01669845684427543,4,0.5284810126582279,0.5284810126582279,0.5506329113924051,0.5678233438485805,0.5238095238095238,0.539845560873393,0.01682012882477498,0.9637011102133646,0.9556962025316456,0.9500372300819061,0.9532535074987906,0.9706764705882354,0.9586729041827885,0.007512309134360621,4,0.9713252769685816,0.9689222604297978,0.969811767601799,0.9673637197965318,0.9677488752326702,0.969034380005876,0.0014358787709545476,0.8739325587744743,0.871854107757678,0.8381421635814613,0.8403416844872815,0.8794347941701258,0.8607410617542042,0.017741565930038092,4,0.8859295369963698,0.8806000864003622,0.8898124270208232,0.885952444735459,0.8825398953191516,0.8849668780944331,0.003172901298633181,SVM | Sem balanceamento,1.0,scale,,
0.02797980308532715,0.0006191296409840122,0.023648500442504883,0.000170625568322348,,,"ColumnTransformer(transformers=[('numeric', MinMaxScaler(),
                                 ['call_failure', 'subscription_length',
                                  'charge_amount', 'seconds_of_use',
                                  'frequency_of_use', 'frequency_of_sms',
                                  'distinct_called_numbers', 'age',
                                  'customer_value']),
                                ('binary', 'passthrough',
                                 ['complains', 'tariff_plan', 'status'])],
                  verbose_feature_names_out=False)","{'model__C': 1, 'model__gamma': 'scale', 'prep': ColumnTransformer(transformers=[('numeric', MinMaxScaler(),
                                 ['call_failure', 'subscription_length',
                                  'charge_amount', 'seconds_of_use',
                                  'frequency_of_use', 'frequency_of_sms',
                                  'distinct_called_numbers', 'age',
                                  'customer_value']),
                                ('binary', 'passthrough',
                                 ['complains', 'tariff_plan', 'status'])],
                  verbose_feature_names_out=False)}",0.509090909090909,0.5982905982905983,0.48148148148148145,0.6153846153846154,0.6050420168067226,0.5618579242108653,0.05532095930556024,6,0.5454545454545454,0.5862068965517241,0.5614035087719298,0.6265560165975104,0.579520697167756,0.5798283329086932,0.027368918667835727,0.9032258064516129,0.9210526315789473,0.896551724137931,0.9230769230769231,0.9230769230769231,0.9133968016644676,0.011253683959434293,4,0.9111111111111111,0.918918918918919,0.9142857142857143,0.9151515151515152,0.9236111111111112,0.916615674115674,0.004292173424584826,0.35443037974683544,0.4430379746835443,0.3291139240506329,0.46153846153846156,0.45,0.40762414800389485,0.05468096086019834,6,0.38924050632911394,0.43037974683544306,0.4050632911392405,0.47634069400630913,0.4222222222222222,0.42464929210646574,0.029489399295711437,0.9624143400065835,0.9120327624720774,0.9247207743857037,0.9136127237542333,0.9552941176470588,0.9336149436531314,0.02118668170221842,7,0.9605706260570253,0.9409186352684932,0.9539647404578444,0.9422125863420688,0.9483776225084415,0.9492088421267745,0.007349486428658832,0.8640244587240257,0.8086978473866056,0.7987360992809219,0.774854855996919,0.8471780140235198,0.8186982550823985,0.03251553741705575,6,0.8558658047974784,0.8343645235585964,0.8536188551391598,0.8370152699286151,0.839178469774322,0.8440085846396344,0.008924072426195284,SVM | Sem balanceamento,1.0,scale,,
0.028799676895141603,0.0003629962321162538,0.024596977233886718,0.00021800123991638605,,,"ColumnTransformer(transformers=[('numeric', StandardScaler(),
                                 ['call_failure', 'subscription_length',
                                  'charge_amount', 'seconds_of_use',
                                  'frequency_of_use', 'frequency_of_sms',
                                  'distinct_called_numbers', 'age',
                                  'customer_value']),
                                ('binary', 'passthrough',
                                 ['complains', 'tariff_plan', 'status'])],
                  verbose_feature_names_out=False)","{'model__C': 1, 'model__gamma': 0.1, 'prep': ColumnTransformer(transformers=[('numeric', StandardScaler(),
                                 ['call_failure', 'subscription_length',
                                  'charge_amount', 'seconds_of_use',
                                  'frequency_of_use', 'frequency_of_sms',
                                  'distinct_called_numbers', 'age',
                                  'customer_value']),
                                ('binary', 'passthrough',
                                 ['complains', 'tariff_plan', 'status'])],
                  verbose_feature_names_out=False)}",0.6446280991735537,0.6557377049180327,0.6557377049180327,0.6721311475409836,0.6504065040650406,0.6557282321231287,0.00917158170323386,5,0.6474226804123712,0.6666666666666666,0.6852589641434262,0.6942800788954635,0.6570841889117043,0.6701425158059264,0.01737769438715728,0.9285714285714286,0.9302325581395349,0.9302325581395349,0.9318181818181818,0.9302325581395349,0.9302174569616429,0.0010268800966475125,2,0.9289940828402367,0.9318181818181818,0.9247311827956989,0.9263157894736842,0.9302325581395349,0.9284183590134673,0.0025767281046975665,0.4936708860759494,0.5063291139240507,0.5063291139240507,0.5256410256410257,0.5,0.5063940279130152,0.010707168443173744,5,0.49683544303797467,0.5189873417721519,0.5443037974683544,0.555205047318612,0.5079365079365079,0.5246536275067202,0.02193143269342552,0.9645988568692582,0.9558749069247953,0.9492330603127327,0.9521347363328495,0.9709411764705882,0.9585565473820449,0.008065318411882053,5,0.9713029257716751,0.9687637528624602,0.969349298464155,0.9670181657396157,0.9675318723050014,0.9687932030285815,0.0015066871118063984,0.8733159046208648,0.8674617489069717,0.830851068025573,0.8379811554059202,0.8781239627499922,0.8575467679418644,0.019317696825649044,5,0.8834161884984071,0.8781347901977161,0.886106389846778,0.882751089561443,0.8794331258831402,0.8819683167974969,0.0028620214320274743,SVM | Sem balanceamento,1.0,0.1,,
0.02900209426879883,0.0007644494819092499,0.023715639114379884,0.00015933066800930023,,,"ColumnTransformer(transformers=[('numeric', MinMaxScaler(),
                                 ['call_failure', 'subscription_length',
                                  'charge_amount', 'seconds_of_use',
                                  'frequency_of_use', 'frequency_of_sms',
                                  'distinct_called_numbers', 'age',
                                  'customer_value']),
                                ('binary', 'passthrough',
                                 ['complains', 'tariff_plan', 'status'])],
                  verbose_feature_names_out=False)","{'model__C': 1, 'model__gamma': 0.1, 'prep': ColumnTransformer(transformers=[('numeric', MinMaxScaler(),
                                 ['call_failure', 'subscription_length',
                                  'charge_amount', 'seconds_of_use',
                                  'frequency_of_use', 'frequency_of_sms',
                                  'distinct_called_numbers', 'age',
                                  'customer_value']),
                                ('binary', 'passthrough',
                                 ['complains', 'tariff_plan', 'status'])],
                  verbose_feature_names_out=False)}",0.4954128440366973,0.5263157894736842,0.47706422018348627,0.5714285714285714,0.5517241379310345,0.5243891126106947,0.03476462559152908,8,0.532150776053215,0.5256124721603563,0.5506607929515418,0.5213483146067416,0.5191873589164786,0.5297919429376667,0.011333958110035987,0.9,0.8571428571428571,0.8666666666666667,0.9411764705882353,0.8888888888888888,0.8907749766573296,0.029466248647738846,6,0.8888888888888888,0.8872180451127819,0.9057971014492754,0.90625,0.8984375,0.8973183070901893,0.008074503923002086,0.34177215189873417,0.379746835443038,0.3291139240506329,0.41025641025641024,0.4,0.3721778643297631,0.03181303669144886,8,0.379746835443038,0.37341772151898733,0.39556962025316456,0.3659305993690852,0.36507936507936506,0.375948828332728,0.011174229085550175,0.9594817009306641,0.9247803425167536,0.9038421444527178,0.9040275761973876,0.9356764705882352,0.9255616469371517,0.02092339909196946,8,0.9228399430789519,0.9307797453436071,0.9349568859416841,0.9367283090516584,0.9267409340479464,0.9304091634927696,0.005128347022341165,0.8179692611464595,0.7554223235528569,0.6992138230071291,0.7243747696331929,0.7823289334341174,0.7558618221547511,0.04185323261237668,8,0.7546897015483642,0.7725428779682255,0.774071828562396,0.7743519773970291,0.7600011754371337,0.7671315121826298,0.008188117524708742,SVM | Sem balanceamento,1.0,0.1,,
0.026068639755249024,0.00023552509230876926,0.02097172737121582,0.0003329646495162184,,,"ColumnTransformer(transformers=[('numeric', StandardScaler(),
                                 ['call_failure', 'subscription_length',
                                  'charge_amount', 'seconds_of_use',
                                  'frequency_of_use', 'frequency_of_sms',
                                  'distinct_called_numbers', 'age',
                                  'customer_value']),
                                ('binary', 'passthrough',
                                 ['complains', 'tariff_plan', 'status'])],
                  verbose_feature_names_out=False)","{'model__C': 10, 'model__gamma': 'scale', 'prep': ColumnTransformer(transformers=[('numeric', StandardScaler(),
                                 ['call_failure', 'subscription_length',
                                  'charge_amount', 'seconds_of_use',
                                  'frequency_of_use', 'frequency_of_sms',
                                  'distinct_called_numbers', 'age',
                                  'customer_value']),
                                ('binary', 'passthrough',
                                 ['complains', 'tariff_plan', 'status'])],
                  verbose_feature_names_out=False)}",0.8194444444444444,0.8309859154929577,0.7898089171974523,0.8,0.8082191780821918,0.8096916910434093,0.014422080705088809,1,0.8289241622574955,0.8256227758007118,0.8764415156507414,0.8599348534201955,0.86084142394822,0.8503529462154729,0.019764658745699944,0.9076923076923077,0.9365079365079365,0.7948717948717948,0.8333333333333334,0.8939393939393939,0.8732689532689533,0.05167663230660047,8,0.9362549800796812,0.943089430894309,0.9140893470790378,0.8888888888888888,0.8778877887788779,0.9120420871441588,0.025522459512204106,0.7468354430379747,0.7468354430379747,0.7848101265822784,0.7692307692307693,0.7375,0.7570423563777993,0.01737741248088158,1,0.7436708860759493,0.7341772151898734,0.8417721518987342,0.832807570977918,0.8444444444444444,0.7993744537173839,0.04959880959169846,0.9776461082682467,0.9804765450483992,0.9713924050632912,0.9680394291243348,0.9820588235294119,0.9759226622067368,0.005367106942434293,2,0.9866730988444432,0.9855245295122442,0.9854667208700387,0.9840636413966328,0.9844861613865739,0.9852428304019865,0.0009097454432009767,0.925232882069103,0.9468234015293568,0.8992912196896948,0.8930760548283576,0.9272154622862416,0.9183278040805508,0.0196911758406622,1,0.9490719018898809,0.9411012781313527,0.9438862321919582,0.9409814781861215,0.9388599153077353,0.9427801611414097,0.0035279351112620597,SVM | Sem balanceamento,10.0,scale,,
0.02825775146484375,0.0005930590073228933,0.02225074768066406,0.00041604331980135,,,"ColumnTransformer(transformers=[('numeric', MinMaxScaler(),
                                 ['call_failure', 'subscription_length',
                                  'charge_amount', 'seconds_of_use',
                                  'frequency_of_use', 'frequency_of_sms',
                                  'distinct_called_numbers', 'age',
                                  'customer_value']),
                                ('binary', 'passthrough',
                                 ['complains', 'tariff_plan', 'status'])],
                  verbose_feature_names_out=False)","{'model__C': 10, 'model__gamma': 'scale', 'prep': ColumnTransformer(transformers=[('numeric', MinMaxScaler(),
                                 ['call_failure', 'subscription_length',
                                  'charge_amount', 'seconds_of_use',
                                  'frequency_of_use', 'frequency_of_sms',
                                  'distinct_called_numbers', 'age',
                                  'customer_value']),
                                ('binary', 'passthrough',
                                 ['complains', 'tariff_plan', 'status'])],
                  verbose_feature_names_out=False)}",0.746268656716418,0.7575757575757576,0.7761194029850746,0.7480916030534351,0.7703703703703704,0.7596851581402111,0.011858505510986942,3,0.752895752895753,0.7769516728624535,0.7861060329067642,0.7843866171003717,0.7703984819734345,0.7741477115477553,0.012011671862338154,0.9090909090909091,0.9433962264150944,0.9454545454545454,0.9245283018867925,0.9454545454545454,0.9335849056603773,0.014560334147919643,1,0.9653465346534653,0.9414414414414415,0.9307359307359307,0.9547511312217195,0.9575471698113207,0.9499644415727756,0.012323928863145223,0.6329113924050633,0.6329113924050633,0.6582278481012658,0.6282051282051282,0.65,0.6404511522233041,0.011583198786926758,3,0.6170886075949367,0.6613924050632911,0.680379746835443,0.6656151419558359,0.6444444444444445,0.6537840691787902,0.021628576555262208,0.9680701439387138,0.9538793745346241,0.9534623976172747,0.9617803580067731,0.9787352941176469,0.9631855136430065,0.009473889999907066,3,0.9788688059245572,0.9750089510155673,0.9795180251075987,0.9793968038107553,0.9775663869947901,0.9780717945706536,0.0016804110694275103,0.9091225160482475,0.8905536683201337,0.8660876245705308,0.8707011974069728,0.9109571040890878,0.8894844220869945,0.018698094863957033,3,0.9168327459281224,0.9086629119998934,0.9205950435705524,0.9230655466165865,0.915855499080987,0.9170023494392284,0.004910398334810204,SVM | Sem balanceamento,10.0,scale,,
0.026174402236938475,0.0003575930769209291,0.02107515335083008,0.0004986040533931853,,,"ColumnTransformer(transformers=[('numeric', StandardScaler(),
                                 ['call_failure', 'subscription_length',
                                  'charge_amount', 'seconds_of_use',
                                  'frequency_of_use', 'frequency_of_sms',
                                  'distinct_called_numbers', 'age',
                                  'customer_value']),
                                ('binary', 'passthrough',
                                 ['complains', 'tariff_plan', 'status'])],
                  verbose_feature_names_out=False)","{'model__C': 10, 'model__gamma': 0.1, 'prep': ColumnTransformer(transformers=[('numeric', StandardScaler(),
                                 ['call_failure', 'subscription_length',
                                  'charge_amount', 'seconds_of_use',
                                  'frequency_of_use', 'frequency_of_sms',
                                  'distinct_called_numbers', 'age',
                                  'customer_value']),
                                ('binary', 'passthrough',
                                 ['complains', 'tariff_plan', 'status'])],
                  verbose_feature_names_out=False)}",0.8194444444444444,0.8368794326241135,0.7848101265822784,0.8,0.8,0.8082268007301672,0.01805829434695652,2,0.8206039076376554,0.8193202146690519,0.8727272727272727,0.8576104746317512,0.8548123980424144,0.8450148535416291,0.021348201201649313,0.9076923076923077,0.9516129032258065,0.7848101265822784,0.8333333333333334,0.8923076923076924,0.8739512726282836,0.058485391968709374,7,0.9352226720647774,0.9423868312757202,0.9134948096885813,0.891156462585034,0.8791946308724832,0.9122910812973192,0.024393065091397728,0.7468354430379747,0.7468354430379747,0.7848101265822784,0.7692307692307693,0.725,0.7545423563777993,0.02060791708105641,2,0.7310126582278481,0.7246835443037974,0.8354430379746836,0.8264984227129337,0.8317460317460318,0.789876738993059,0.050765353608776737,0.9784241553700213,0.9799404318689502,0.971481757259866,0.9684022738268022,0.9826176470588236,0.9761732530768926,0.00535138603513898,1,0.9862577391019288,0.9850900322982479,0.9851422465557238,0.9837961156751495,0.9847705100504158,0.985011328736293,0.000788873747708057,0.9251321491327845,0.9454703826222941,0.8996804178292327,0.8935679244468039,0.9273072015826513,0.9182316151227532,0.019101720618262447,2,0.946687920994242,0.9392817109758776,0.9432470344981043,0.9401433419857101,0.9388610369633611,0.9416442090834591,0.002952562465125113,SVM | Sem balanceamento,10.0,0.1,,
0.030193281173706055,0.000823622168448565,0.023031854629516603,0.0001782150794608532,,,"ColumnTransformer(transformers=[('numeric', MinMaxScaler(),
                                 ['call_failure', 'subscription_length',
                                  'charge_amount', 'seconds_of_use',
                                  'frequency_of_use', 'frequency_of_sms',
                                  'distinct_called_numbers', 'age',
                                  'customer_value']),
                                ('binary', 'passthrough',
                                 ['complains', 'tariff_plan', 'status'])],
                  verbose_feature_names_out=False)","{'model__C': 10, 'model__gamma': 0.1, 'prep': ColumnTransformer(transformers=[('numeric', MinMaxScaler(),
                                 ['call_failure', 'subscription_length',
                                  'charge_amount', 'seconds_of_use',
                                  'frequency_of_use', 'frequency_of_sms',
                                  'distinct_called_numbers', 'age',
                                  'customer_value']),
                                ('binary', 'passthrough',
                                 ['complains', 'tariff_plan', 'status'])],
                  verbose_feature_names_out=False)}",0.509090909090909,0.543859649122807,0.48148148148148145,0.5714285714285714,0.576271186440678,0.5364263595128895,0.0364257747700155,7,0.5454545454545454,0.5357142857142857,0.5518763796909493,0.5300668151447662,0.5282167042889391,0.5382657460586971,0.009073520189386265,0.9032258064516129,0.8857142857142857,0.896551724137931,0.9411764705882353,0.8947368421052632,0.9042810257994656,0.01927664243579541,5,0.9111111111111111,0.9090909090909091,0.9124087591240876,0.9015151515151515,0.9140625,0.9096376861682518,0.004375004873084312,0.35443037974683544,0.3924050632911392,0.3291139240506329,0.41025641025641024,0.425,0.38224115546900356,0.0355314516255555,7,0.38924050632911394,0.379746835443038,0.39556962025316456,0.3753943217665615,0.37142857142857144,0.38227597104408984,0.008906689206618152,0.9669629230631116,0.9370513775130305,0.9260610573343261,0.9182994678277697,0.9514705882352941,0.9399690827947064,0.017506972490802828,6,0.9477075122372802,0.9456141888515102,0.9522659122949657,0.9518565170380443,0.944724116321052,0.9484336493485704,0.0031189591337843644,0.859897576087726,0.7964284347462164,0.766403083176793,0.7584031308056928,0.8228724927090714,0.8008009435050999,0.03736166863665345,7,0.8207672440524963,0.8200495932871978,0.830636085288015,0.828148788874779,0.8136869855671166,0.822657739413921,0.006077111988076699,SVM | Sem balanceamento,10.0,0.1,,
0.13583359718322754,0.003022197687725089,0.0365755558013916,0.0012597926541457994,,,"ColumnTransformer(transformers=[('numeric', StandardScaler(),
                                 ['call_failure', 'subscription_length',
                                  'charge_amount', 'seconds_of_use',
                                  'frequency_of_use', 'frequency_of_sms',
                                  'distinct_called_numbers', 'age',
                                  'customer_value']),
                                ('binary', 'passthrough',
                                 ['complains', 'tariff_plan', 'status'])],
                  verbose_feature_names_out=False)","{'model__C': 1, 'model__gamma': 'scale', 'prep': ColumnTransformer(transformers=[('numeric', StandardScaler(),
                                 ['call_failure', 'subscription_length',
                                  'charge_amount', 'seconds_of_use',
                                  'frequency_of_use', 'frequency_of_sms',
                                  'distinct_called_numbers', 'age',
                                  'customer_value']),
                                ('binary', 'passthrough',
                                 ['complains', 'tariff_plan', 'status'])],
                  verbose_feature_names_out=False)}",0.8041237113402062,0.7474747474747475,0.6697674418604651,0.660377358490566,0.7192118226600985,0.7201910163652168,0.052745177264875986,4,0.7326007326007326,0.736318407960199,0.7283653846153846,0.7178871548619448,0.74,0.7310343360076521,0.007625350078816308,0.6782608695652174,0.6218487394957983,0.5294117647058824,0.5223880597014925,0.5934959349593496,0.589081073685548,0.05840313598471727,4,0.5964214711729622,0.6065573770491803,0.5872093023255814,0.5794573643410853,0.6103092783505155,0.595990958647865,0.011552714368814904,0.9873417721518988,0.9367088607594937,0.9113924050632911,0.8974358974358975,0.9125,0.9290757870821162,0.031754464768774346,2,0.9493670886075949,0.9367088607594937,0.9588607594936709,0.943217665615142,0.9396825396825397,0.9455673828316881,0.007871182760578953,0.9771373851632403,0.9733283693224125,0.9520029784065526,0.9549770198355104,0.9680588235294117,0.9651009152514256,0.009953552509469877,4,0.9748604912793081,0.9741157142537463,0.9752756166876766,0.9757331876804405,0.9749754468670202,0.9749920913536384,0.0005320230860319481,0.8922547204543502,0.9063557336695367,0.8190719197624928,0.8426246349505648,0.8963747048266284,0.8713363427327145,0.034195870851945684,4,0.8970861987076982,0.8911251864958694,0.8972502712419582,0.8998887428825855,0.8937908317061221,0.8958282462068468,0.003045063593468926,SVM | SMOTENC,1.0,scale,,
0.13930134773254393,0.0036818582725555078,0.037206840515136716,0.0016855312712882016,,,"ColumnTransformer(transformers=[('numeric', MinMaxScaler(),
                                 ['call_failure', 'subscription_length',
                                  'charge_amount', 'seconds_of_use',
                                  'frequency_of_use', 'frequency_of_sms',
                                  'distinct_called_numbers', 'age',
                                  'customer_value']),
                                ('binary', 'passthrough',
                                 ['complains', 'tariff_plan', 'status'])],
                  verbose_feature_names_out=False)","{'model__C': 1, 'model__gamma': 'scale', 'prep': ColumnTransformer(transformers=[('numeric', MinMaxScaler(),
                                 ['call_failure', 'subscription_length',
                                  'charge_amount', 'seconds_of_use',
                                  'frequency_of_use', 'frequency_of_sms',
                                  'distinct_called_numbers', 'age',
                                  'customer_value']),
                                ('binary', 'passthrough',
                                 ['complains', 'tariff_plan', 'status'])],
                  verbose_feature_names_out=False)}",0.7439613526570048,0.6826923076923077,0.6106194690265486,0.6098654708520179,0.6457399103139013,0.658575702108356,0.050417386794519646,6,0.6470588235294118,0.6598173515981736,0.6782006920415224,0.6766398158803222,0.6651108518086347,0.6653655069716129,0.011470253293634328,0.6015625,0.5503875968992248,0.46938775510204084,0.4689655172413793,0.5034965034965035,0.5187599745478296,0.051003220088228725,6,0.5035211267605634,0.5160714285714286,0.5335753176043557,0.532608695652174,0.525830258302583,0.5223213653782209,0.011289850456032731,0.9746835443037974,0.8987341772151899,0.8734177215189873,0.8717948717948718,0.9,0.9037260629665693,0.037448533101459264,7,0.9050632911392406,0.9145569620253164,0.930379746835443,0.9274447949526814,0.9047619047619048,0.9164413399429172,0.010814576179547447,0.972469102552593,0.9623082650781832,0.9324050632911393,0.9222302854378325,0.9580588235294117,0.949494307977832,0.01897766486150822,6,0.950486511052667,0.9519078716722734,0.9587404802219852,0.9631056020629205,0.9543863587469951,0.9557253647513682,0.004634017752254771,0.8719212209652435,0.8458222543391364,0.7841843241436804,0.7802496839014725,0.8574402379478345,0.8279235442594735,0.03824476675856655,6,0.8403650454580047,0.8381700428931943,0.8444102119789626,0.8654672564870298,0.852710086822035,0.8482245287278453,0.009948317113186647,SVM | SMOTENC,1.0,scale,,
0.13872108459472657,0.002835212820580967,0.03755717277526856,0.0013461699204444471,,,"ColumnTransformer(transformers=[('numeric', StandardScaler(),
                                 ['call_failure', 'subscription_length',
                                  'charge_amount', 'seconds_of_use',
                                  'frequency_of_use', 'frequency_of_sms',
                                  'distinct_called_numbers', 'age',
                                  'customer_value']),
                                ('binary', 'passthrough',
                                 ['complains', 'tariff_plan', 'status'])],
                  verbose_feature_names_out=False)","{'model__C': 1, 'model__gamma': 0.1, 'prep': ColumnTransformer(transformers=[('numeric', StandardScaler(),
                                 ['call_failure', 'subscription_length',
                                  'charge_amount', 'seconds_of_use',
                                  'frequency_of_use', 'frequency_of_sms',
                                  'distinct_called_numbers', 'age',
                                  'customer_value']),
                                ('binary', 'passthrough',
                                 ['complains', 'tariff_plan', 'status'])],
                  verbose_feature_names_out=False)}",0.7684729064039408,0.7081339712918661,0.6511627906976745,0.6543778801843319,0.6889952153110048,0.6942285527777636,0.04283855389751133,5,0.7086801426872771,0.7075812274368231,0.7132701421800948,0.7033492822966507,0.7057416267942583,0.7077244842790209,0.003309448390994037,0.6290322580645161,0.5692307692307692,0.5147058823529411,0.5107913669064749,0.5581395348837209,0.5563799622876845,0.04303869046263469,5,0.5676190476190476,0.570873786407767,0.5700757575757576,0.5664739884393064,0.5662188099808061,0.5682522780045369,0.001891859971420471,0.9873417721518988,0.9367088607594937,0.8860759493670886,0.9102564102564102,0.9,0.9240765985069782,0.0357121429766925,4,0.9430379746835443,0.930379746835443,0.9525316455696202,0.9274447949526814,0.9365079365079365,0.9379804197098451,0.009036092742790035,0.9762695633958763,0.9733581533879375,0.9474162323157111,0.9515602322206096,0.9654411764705882,0.9628090715581447,0.011514094238110908,5,0.9715171247420299,0.971378195326078,0.9721558148034879,0.9728795799846173,0.9714454078626147,0.9718752245437656,0.0005740168353024525,0.885460200843975,0.9072451567092,0.8099858691325272,0.8359465065434039,0.8904207736316202,0.8658117013721454,0.0366520247668227,5,0.8870816348818485,0.8836078883735287,0.8820032505843928,0.8895549366848973,0.8818629817154844,0.8848221384480304,0.0030226426809760515,SVM | SMOTENC,1.0,0.1,,
0.1579418182373047,0.00637686324507769,0.04165205955505371,0.0019501528533391564,,,"ColumnTransformer(transformers=[('numeric', MinMaxScaler(),
                                 ['call_failure', 'subscription_length',
                                  'charge_amount', 'seconds_of_use',
                                  'frequency_of_use', 'frequency_of_sms',
                                  'distinct_called_numbers', 'age',
                                  'customer_value']),
                                ('binary', 'passthrough',
                                 ['complains', 'tariff_plan', 'status'])],
                  verbose_feature_names_out=False)","{'model__C': 1, 'model__gamma': 0.1, 'prep': ColumnTransformer(transformers=[('numeric', MinMaxScaler(),
                                 ['call_failure', 'subscription_length',
                                  'charge_amount', 'seconds_of_use',
                                  'frequency_of_use', 'frequency_of_sms',
                                  'distinct_called_numbers', 'age',
                                  'customer_value']),
                                ('binary', 'passthrough',
                                 ['complains', 'tariff_plan', 'status'])],
                  verbose_feature_names_out=False)}",0.729064039408867,0.6470588235294118,0.5925925925925926,0.5871559633027523,0.6181818181818182,0.6348106474030883,0.05169829930079215,8,0.6107226107226107,0.6301050175029171,0.6437869822485207,0.6468489892984542,0.6373365041617123,0.633760020786843,0.0128742657861001,0.5967741935483871,0.528,0.46715328467153283,0.45714285714285713,0.4857142857142857,0.5069569242154126,0.05104306730329927,8,0.4833948339483395,0.49907578558225507,0.5141776937618148,0.5190839694656488,0.5095057034220533,0.5050475972360223,0.012686668681141955,0.9367088607594937,0.8354430379746836,0.810126582278481,0.8205128205128205,0.85,0.8505582603050957,0.045140129817443864,8,0.8291139240506329,0.8544303797468354,0.8607594936708861,0.8580441640378549,0.8507936507936508,0.850628322459972,0.011269318066319657,0.9619654666786367,0.9350558451228592,0.9034549516008935,0.8909651669085632,0.9335588235294118,0.9250000507680728,0.025153044277704675,8,0.9218974676093905,0.9252580876155241,0.9322324205783848,0.9309672169522132,0.9247710712648838,0.9270252528040792,0.0039281564580118215,0.7991227211922208,0.7235239581054073,0.6352130004283965,0.6669004716092293,0.727065224269257,0.7103650751209022,0.05633289804033439,8,0.7118972888553309,0.7131838185555377,0.7279296818940737,0.7163758866082218,0.7100276807435364,0.7158828713313401,0.006369014353520836,SVM | SMOTENC,1.0,0.1,,
0.11358408927917481,0.001443879712900288,0.026257944107055665,0.0005604300287486601,,,"ColumnTransformer(transformers=[('numeric', StandardScaler(),
                                 ['call_failure', 'subscription_length',
                                  'charge_amount', 'seconds_of_use',
                                  'frequency_of_use', 'frequency_of_sms',
                                  'distinct_called_numbers', 'age',
                                  'customer_value']),
                                ('binary', 'passthrough',
                                 ['complains', 'tariff_plan', 'status'])],
                  verbose_feature_names_out=False)","{'model__C': 10, 'model__gamma': 'scale', 'prep': ColumnTransformer(transformers=[('numeric', StandardScaler(),
                                 ['call_failure', 'subscription_length',
                                  'charge_amount', 'seconds_of_use',
                                  'frequency_of_use', 'frequency_of_sms',
                                  'distinct_called_numbers', 'age',
                                  'customer_value']),
                                ('binary', 'passthrough',
                                 ['complains', 'tariff_plan', 'status'])],
                  verbose_feature_names_out=False)}",0.8379888268156425,0.847457627118644,0.7888888888888889,0.7783783783783784,0.813953488372093,0.8133334419147292,0.026803451708748226,1,0.8555399719495091,0.8416666666666667,0.8499298737727911,0.8464730290456431,0.8491620111731844,0.8485543105215589,0.004535026138401034,0.75,0.7653061224489796,0.7029702970297029,0.6728971962616822,0.7608695652173914,0.7304086361915513,0.036304138769146455,1,0.7682619647355163,0.75,0.7632241813602015,0.7536945812807881,0.7581047381546134,0.7586570931062239,0.00652669494912693,0.9493670886075949,0.9493670886075949,0.8987341772151899,0.9230769230769231,0.875,0.9191090555014606,0.02900891432098596,5,0.9651898734177216,0.9588607594936709,0.9588607594936709,0.9652996845425867,0.9650793650793651,0.962658088405403,0.003101288763085793,0.9816859682197684,0.9824125093075204,0.971541325390916,0.9770803096274794,0.9822941176470589,0.9790028460385486,0.004219664765714216,1,0.9870065041982998,0.9865986513803212,0.9870723092874246,0.9868819505597604,0.9871781201186034,0.9869475071088818,0.00019911633838735437,0.931557790990284,0.9220205637244204,0.887849795919062,0.9110493487400423,0.9278509118786152,0.9160656822504848,0.015720416834918274,1,0.9367100952428528,0.9351473756223257,0.9442739122555524,0.9411043942849844,0.9390422757017839,0.9392556106214999,0.0032250304638573373,SVM | SMOTENC,10.0,scale,,
0.12511248588562013,0.0030524292870244916,0.031238460540771486,0.0007857827380927495,,,"ColumnTransformer(transformers=[('numeric', MinMaxScaler(),
                                 ['call_failure', 'subscription_length',
                                  'charge_amount', 'seconds_of_use',
                                  'frequency_of_use', 'frequency_of_sms',
                                  'distinct_called_numbers', 'age',
                                  'customer_value']),
                                ('binary', 'passthrough',
                                 ['complains', 'tariff_plan', 'status'])],
                  verbose_feature_names_out=False)","{'model__C': 10, 'model__gamma': 'scale', 'prep': ColumnTransformer(transformers=[('numeric', MinMaxScaler(),
                                 ['call_failure', 'subscription_length',
                                  'charge_amount', 'seconds_of_use',
                                  'frequency_of_use', 'frequency_of_sms',
                                  'distinct_called_numbers', 'age',
                                  'customer_value']),
                                ('binary', 'passthrough',
                                 ['complains', 'tariff_plan', 'status'])],
                  verbose_feature_names_out=False)}",0.8,0.78125,0.7448979591836735,0.7384615384615385,0.8128342245989305,0.7754887444488285,0.029446523489968835,3,0.7833981841763943,0.7953063885267275,0.7953063885267275,0.7979002624671916,0.7931937172774869,0.7930209881949055,0.005037491822171473,0.6846846846846847,0.6637168141592921,0.6239316239316239,0.6153846153846154,0.7102803738317757,0.6595996223983984,0.03589407512002311,3,0.6637362637362637,0.6762749445676275,0.6762749445676275,0.6831460674157304,0.6748329621380846,0.6748530364850667,0.006267392544517747,0.9620253164556962,0.9493670886075949,0.9240506329113924,0.9230769230769231,0.95,0.9417039922103214,0.015486199080235614,1,0.9556962025316456,0.9651898734177216,0.9651898734177216,0.9589905362776026,0.9619047619047619,0.9613942495098907,0.003669324768239444,0.9777059580453062,0.9759493670886077,0.9604020848845867,0.9504414610546685,0.9769411764705882,0.9682880095087516,0.010981425699561747,3,0.9736125494520231,0.971974929697232,0.9774555619372982,0.9779161232550448,0.9739110100925069,0.974974034886821,0.002314828577212628,0.8982022240599026,0.8859971396083767,0.8658936062103361,0.8473703767396057,0.9101363393310606,0.8815199371898563,0.022483848456369214,3,0.8995946007428187,0.8907457365728051,0.904016379528157,0.9129734361812804,0.900357878868254,0.9015376063786631,0.007191022200040963,SVM | SMOTENC,10.0,scale,,
0.11631321907043457,0.002736963040747662,0.027336788177490235,0.0004723335592859602,,,"ColumnTransformer(transformers=[('numeric', StandardScaler(),
                                 ['call_failure', 'subscription_length',
                                  'charge_amount', 'seconds_of_use',
                                  'frequency_of_use', 'frequency_of_sms',
                                  'distinct_called_numbers', 'age',
                                  'customer_value']),
                                ('binary', 'passthrough',
                                 ['complains', 'tariff_plan', 'status'])],
                  verbose_feature_names_out=False)","{'model__C': 10, 'model__gamma': 0.1, 'prep': ColumnTransformer(transformers=[('numeric', StandardScaler(),
                                 ['call_failure', 'subscription_length',
                                  'charge_amount', 'seconds_of_use',
                                  'frequency_of_use', 'frequency_of_sms',
                                  'distinct_called_numbers', 'age',
                                  'customer_value']),
                                ('binary', 'passthrough',
                                 ['complains', 'tariff_plan', 'status'])],
                  verbose_feature_names_out=False)}",0.8287292817679558,0.8333333333333334,0.8021978021978022,0.7717391304347826,0.8228571428571428,0.8117713381182033,0.022669877808330175,2,0.8429752066115702,0.8354080221300139,0.8456189151599444,0.8453038674033149,0.8421052631578947,0.8422822548925476,0.0036886319452548687,0.7352941176470589,0.7425742574257426,0.7087378640776699,0.6698113207547169,0.7578947368421053,0.7228624593494588,0.03093311841874533,2,0.7463414634146341,0.742014742014742,0.7543424317617866,0.7518427518427518,0.7469287469287469,0.7482940271925324,0.004342408601822508,0.9493670886075949,0.9493670886075949,0.9240506329113924,0.9102564102564102,0.9,0.9266082440765985,0.02008906421796399,3,0.9683544303797469,0.9556962025316456,0.9620253164556962,0.9652996845425867,0.9650793650793651,0.9632909997978082,0.0042931176056313055,0.9831223628691983,0.982084884586746,0.9721667907669398,0.9754777455249153,0.9812941176470589,0.9788291802789717,0.004259729860965541,2,0.9863843958843995,0.9854107770227429,0.9866434064581577,0.9864305009047571,0.9863157205526092,0.9862369601645333,0.0004273583231267106,0.9320050177358027,0.9225027190621594,0.8883315714655918,0.9065483891149592,0.9252034201646591,0.9149182235086345,0.015698232860112005,2,0.9346550409827061,0.9310290804119595,0.9415826615226821,0.9392478345508174,0.9349655273719775,0.9362960289680287,0.003711211746151134,SVM | SMOTENC,10.0,0.1,,
0.16191525459289552,0.006248130892620795,0.03908066749572754,0.0017640113753228921,,,"ColumnTransformer(transformers=[('numeric', MinMaxScaler(),
                                 ['call_failure', 'subscription_length',
                                  'charge_amount', 'seconds_of_use',
                                  'frequency_of_use', 'frequency_of_sms',
                                  'distinct_called_numbers', 'age',
                                  'customer_value']),
                                ('binary', 'passthrough',
                                 ['complains', 'tariff_plan', 'status'])],
                  verbose_feature_names_out=False)","{'model__C': 10, 'model__gamma': 0.1, 'prep': ColumnTransformer(transformers=[('numeric', MinMaxScaler(),
                                 ['call_failure', 'subscription_length',
                                  'charge_amount', 'seconds_of_use',
                                  'frequency_of_use', 'frequency_of_sms',
                                  'distinct_called_numbers', 'age',
                                  'customer_value']),
                                ('binary', 'passthrough',
                                 ['complains', 'tariff_plan', 'status'])],
                  verbose_feature_names_out=False)}",0.7464114832535885,0.6794258373205742,0.6133333333333333,0.5982142857142857,0.6548672566371682,0.65845043925179,0.052638197581473194,7,0.6402714932126696,0.6545454545454545,0.6697142857142857,0.6766398158803222,0.6627906976744186,0.6607923494054301,0.012608455664765757,0.6,0.5461538461538461,0.4726027397260274,0.4589041095890411,0.5068493150684932,0.5169020021074815,0.051357928958794985,7,0.4982394366197183,0.5106382978723404,0.5241502683363148,0.532608695652174,0.5229357798165137,0.5177144956594123,0.011998905544620917,0.9873417721518988,0.8987341772151899,0.8734177215189873,0.8589743589743589,0.925,0.9086936059720869,0.04531448840442555,6,0.8955696202531646,0.9113924050632911,0.9272151898734177,0.9274447949526814,0.9047619047619048,0.913276782980892,0.0125268463151834,0.9652272795283838,0.9395532390171258,0.9198659717051377,0.898736090953072,0.9417058823529412,0.9330176927113321,0.02237789745362885,7,0.9324807593446629,0.9354025719251395,0.9394883375726337,0.9436078072923053,0.9334268690780182,0.936881269042552,0.004135868301268016,0.8232970668130327,0.7511943650671341,0.7368916077039608,0.6880034111348123,0.7611222553191859,0.7521017412076251,0.043568133936811554,7,0.7538869314858957,0.7596321685799398,0.7622144862945062,0.7719673270480429,0.7511174631262584,0.7597636753069286,0.007269745351051794,SVM | SMOTENC,10.0,0.1,,
0.008952665328979491,0.0002599477407134758,0.017728900909423827,0.0005524721125208433,,,"ColumnTransformer(transformers=[('numeric', StandardScaler(),
                                 ['call_failure', 'subscription_length',
                                  'charge_amount', 'seconds_of_use',
                                  'frequency_of_use', 'frequency_of_sms',
                                  'distinct_called_numbers', 'age',
                                  'customer_value']),
                                ('binary', 'passthrough',
                                 ['complains', 'tariff_plan', 'status'])],
                  verbose_feature_names_out=False)","{'model__C': 1, 'model__gamma': 'scale', 'prep': ColumnTransformer(transformers=[('numeric', StandardScaler(),
                                 ['call_failure', 'subscription_length',
                                  'charge_amount', 'seconds_of_use',
                                  'frequency_of_use', 'frequency_of_sms',
                                  'distinct_called_numbers', 'age',
                                  'customer_value']),
                                ('binary', 'passthrough',
                                 ['complains', 'tariff_plan', 'status'])],
                  verbose_feature_names_out=False)}",0.7123287671232876,0.6889952153110048,0.6044444444444445,0.6071428571428571,0.6457399103139013,0.6517302388670991,0.0431757457273433,5,0.6280087527352297,0.6538461538461539,0.6719817767653758,0.6751152073732719,0.6705607476635514,0.6599025276767165,0.01757739502530093,0.5571428571428572,0.5538461538461539,0.4657534246575342,0.4657534246575342,0.5034965034965035,0.5091984727601166,0.040248071464245465,5,0.479933110367893,0.5088028169014085,0.5249110320284698,0.5317604355716878,0.5304990757855823,0.5151812941310082,0.019428276277876168,0.9873417721518988,0.9113924050632911,0.8607594936708861,0.8717948717948718,0.9,0.9062577085361896,0.04449252537038946,5,0.9082278481012658,0.9145569620253164,0.9335443037974683,0.9242902208201893,0.9111111111111111,0.9183460891710702,0.009331662480968502,0.9740551216446719,0.9579597915115413,0.9315413253909158,0.9238026124818577,0.9611470588235294,0.9497011819705033,0.018935909794295054,4,0.9548785212448125,0.9558481833167988,0.96010178050618,0.9611140216918772,0.9630346737005546,0.9589954360920446,0.003126724524327681,0.8307262963603306,0.8033691587727722,0.7039385984679931,0.7231578108308615,0.8306561608244453,0.7783696050512805,0.05420037211636916,4,0.8100893456083161,0.7836965499290319,0.7983596713194993,0.7950687973354047,0.8191292501450599,0.8012687228674624,0.012267719751120383,SVM | Undersampling,1.0,scale,,
0.008350038528442382,0.0005293522316167815,0.016427373886108397,0.0006652637766486581,,,"ColumnTransformer(transformers=[('numeric', MinMaxScaler(),
                                 ['call_failure', 'subscription_length',
                                  'charge_amount', 'seconds_of_use',
                                  'frequency_of_use', 'frequency_of_sms',
                                  'distinct_called_numbers', 'age',
                                  'customer_value']),
                                ('binary', 'passthrough',
                                 ['complains', 'tariff_plan', 'status'])],
                  verbose_feature_names_out=False)","{'model__C': 1, 'model__gamma': 'scale', 'prep': ColumnTransformer(transformers=[('numeric', MinMaxScaler(),
                                 ['call_failure', 'subscription_length',
                                  'charge_amount', 'seconds_of_use',
                                  'frequency_of_use', 'frequency_of_sms',
                                  'distinct_called_numbers', 'age',
                                  'customer_value']),
                                ('binary', 'passthrough',
                                 ['complains', 'tariff_plan', 'status'])],
                  verbose_feature_names_out=False)}",0.7358490566037735,0.6824644549763034,0.6079295154185022,0.5929203539823009,0.6548672566371682,0.6548061275236097,0.05169179605585453,4,0.6374859708193041,0.6501128668171557,0.6689497716894978,0.6704675028506272,0.6620370370370371,0.6578106298427244,0.012445776417797035,0.5864661654135338,0.5454545454545454,0.46621621621621623,0.4527027027027027,0.5068493150684932,0.5115377889710983,0.049602826708520974,4,0.49391304347826087,0.5052631578947369,0.5232142857142857,0.525,0.5209471766848816,0.513667532754433,0.012111415153045618,0.9873417721518988,0.9113924050632911,0.8734177215189873,0.8589743589743589,0.925,0.9112252515417072,0.04504011866257497,4,0.8987341772151899,0.9113924050632911,0.9272151898734177,0.9274447949526814,0.9079365079365079,0.9145446150082176,0.011229706673190155,0.964898105754556,0.9416381236038719,0.903752792256143,0.8923560716013547,0.952264705882353,0.9309819598196556,0.0281076532940667,6,0.9315997496665946,0.9369167853919427,0.9357680717274715,0.9459598042603471,0.9421275640486011,0.9384743950189914,0.005027684908567783,0.8255143419208205,0.7868582779163763,0.7017274755900061,0.6662193531513627,0.8471431084434226,0.7654925114043977,0.0702097939834017,6,0.7666443890876862,0.7919509815972586,0.7559861329360837,0.7943958786135503,0.8146385550305091,0.7847231874530177,0.020944652932997198,SVM | Undersampling,1.0,scale,,
0.008855676651000977,0.00023170555269718708,0.017593002319335936,0.0005150845571014195,,,"ColumnTransformer(transformers=[('numeric', StandardScaler(),
                                 ['call_failure', 'subscription_length',
                                  'charge_amount', 'seconds_of_use',
                                  'frequency_of_use', 'frequency_of_sms',
                                  'distinct_called_numbers', 'age',
                                  'customer_value']),
                                ('binary', 'passthrough',
                                 ['complains', 'tariff_plan', 'status'])],
                  verbose_feature_names_out=False)","{'model__C': 1, 'model__gamma': 0.1, 'prep': ColumnTransformer(transformers=[('numeric', StandardScaler(),
                                 ['call_failure', 'subscription_length',
                                  'charge_amount', 'seconds_of_use',
                                  'frequency_of_use', 'frequency_of_sms',
                                  'distinct_called_numbers', 'age',
                                  'customer_value']),
                                ('binary', 'passthrough',
                                 ['complains', 'tariff_plan', 'status'])],
                  verbose_feature_names_out=False)}",0.7027027027027027,0.6889952153110048,0.6044444444444445,0.6071428571428571,0.6457399103139013,0.6498050259829821,0.04056649680455783,6,0.6232356134636265,0.6538461538461539,0.6712172923777019,0.6743383199079401,0.6658905704307334,0.6577055900052312,0.018597216134837606,0.5454545454545454,0.5538461538461539,0.4657534246575342,0.4657534246575342,0.5034965034965035,0.5068608104224543,0.037651166702544966,7,0.4743801652892562,0.5088028169014085,0.5239786856127886,0.5307971014492754,0.5257352941176471,0.5127388126740752,0.020533986261782603,0.9873417721518988,0.9113924050632911,0.8607594936708861,0.8717948717948718,0.9,0.9062577085361896,0.04449252537038946,5,0.9082278481012658,0.9145569620253164,0.9335443037974683,0.9242902208201893,0.9079365079365079,0.9177111685361495,0.009893416762486024,0.9733369243199569,0.9568279970215934,0.9288905435591958,0.9200229801644896,0.9595,0.9477156890130471,0.019998120241970306,5,0.9509894129830652,0.9537167227348335,0.9578752153838122,0.9586171149580319,0.9588536259131427,0.9560104183945771,0.0031249863647886183,0.8269030692471505,0.7964044826383647,0.6917723467298696,0.7122712209066563,0.8187176124577951,0.7692137463959672,0.05613848671783763,5,0.8001293116247747,0.7765556079876894,0.7874443894442025,0.7853908937128234,0.7939087669984852,0.7886857939535951,0.007972106477440982,SVM | Undersampling,1.0,0.1,,
0.008385086059570312,0.00023993702863341445,0.01713733673095703,0.0005526773342620669,,,"ColumnTransformer(transformers=[('numeric', MinMaxScaler(),
                                 ['call_failure', 'subscription_length',
                                  'charge_amount', 'seconds_of_use',
                                  'frequency_of_use', 'frequency_of_sms',
                                  'distinct_called_numbers', 'age',
                                  'customer_value']),
                                ('binary', 'passthrough',
                                 ['complains', 'tariff_plan', 'status'])],
                  verbose_feature_names_out=False)","{'model__C': 1, 'model__gamma': 0.1, 'prep': ColumnTransformer(transformers=[('numeric', MinMaxScaler(),
                                 ['call_failure', 'subscription_length',
                                  'charge_amount', 'seconds_of_use',
                                  'frequency_of_use', 'frequency_of_sms',
                                  'distinct_called_numbers', 'age',
                                  'customer_value']),
                                ('binary', 'passthrough',
                                 ['complains', 'tariff_plan', 'status'])],
                  verbose_feature_names_out=False)}",0.7184466019417476,0.6473429951690821,0.5844748858447488,0.5818181818181818,0.6222222222222222,0.6308609773991966,0.050148563120755614,8,0.6084959816303099,0.6252873563218391,0.6410256410256411,0.6417736289381564,0.6314553990610329,0.629607601395396,0.012216081351917641,0.5826771653543307,0.5234375,0.45714285714285713,0.4507042253521127,0.4827586206896552,0.4993440737077911,0.04888098225958498,8,0.4774774774774775,0.49097472924187724,0.507380073800738,0.5092592592592593,0.5009310986964618,0.49720452769516277,0.01175340395048576,0.9367088607594937,0.8481012658227848,0.810126582278481,0.8205128205128205,0.875,0.858089905874716,0.04534133221527583,8,0.8386075949367089,0.8607594936708861,0.870253164556962,0.8675078864353313,0.8539682539682539,0.8582192787136285,0.011315782658559795,0.9598707244815513,0.9344303797468354,0.8827848101265823,0.8860970004837929,0.930764705882353,0.9187895241442231,0.02980217071818291,8,0.913880838318892,0.9241634530034387,0.9234828028613412,0.9299064031538309,0.9211736865243053,0.9225214367723616,0.00518911443082207,0.7962627370383741,0.7332754848990201,0.576137205264124,0.6651555489370047,0.7225039772875194,0.6986669906852085,0.07406408650842576,8,0.7190459264001895,0.7082218546428256,0.6819317544706417,0.7029858627289505,0.6957875859534146,0.7015945968392044,0.012415746579697632,SVM | Undersampling,1.0,0.1,,
0.008518314361572266,0.00041172688253660435,0.015468311309814454,0.0006706699526593844,,,"ColumnTransformer(transformers=[('numeric', StandardScaler(),
                                 ['call_failure', 'subscription_length',
                                  'charge_amount', 'seconds_of_use',
                                  'frequency_of_use', 'frequency_of_sms',
                                  'distinct_called_numbers', 'age',
                                  'customer_value']),
                                ('binary', 'passthrough',
                                 ['complains', 'tariff_plan', 'status'])],
                  verbose_feature_names_out=False)","{'model__C': 10, 'model__gamma': 'scale', 'prep': ColumnTransformer(transformers=[('numeric', StandardScaler(),
                                 ['call_failure', 'subscription_length',
                                  'charge_amount', 'seconds_of_use',
                                  'frequency_of_use', 'frequency_of_sms',
                                  'distinct_called_numbers', 'age',
                                  'customer_value']),
                                ('binary', 'passthrough',
                                 ['complains', 'tariff_plan', 'status'])],
                  verbose_feature_names_out=False)}",0.8105263157894737,0.7715736040609137,0.7102803738317757,0.7156862745098039,0.8152173913043478,0.7646567918992629,0.04486231411739055,1,0.7703889585947302,0.7688442211055276,0.7623762376237624,0.7783375314861462,0.8079470198675497,0.7775787937355433,0.016011927067606836,0.6936936936936937,0.6440677966101694,0.562962962962963,0.5793650793650794,0.7211538461538461,0.6402486757571504,0.06180047885734219,1,0.6382536382536382,0.6375,0.6260162601626016,0.6477987421383647,0.6931818181818182,0.6485500917472846,0.02336001103946212,0.9746835443037974,0.9620253164556962,0.9620253164556962,0.9358974358974359,0.9375,0.9544263226225252,0.015203055519140536,2,0.9715189873417721,0.9683544303797469,0.9746835443037974,0.9747634069400631,0.9682539682539683,0.9715148674438696,0.0028710752284644195,0.9853667295089326,0.9776768428890544,0.9619806403574088,0.9713352685050798,0.9819117647058824,0.9756542491932716,0.00828493611697815,1,0.9836594124615373,0.9804448281777971,0.9819403936955013,0.9836047604715883,0.9846245942887075,0.9828547978190263,0.0014823033980965507,0.9324347008122545,0.9093488492469993,0.846424875387653,0.8766441748206933,0.9241868129010005,0.8978078826337201,0.03198804267731524,1,0.924429244963489,0.9037632216540162,0.9159588949246127,0.923951550408445,0.9242471091994109,0.9184700042299946,0.008019101746886043,SVM | Undersampling,10.0,scale,,
0.008447408676147461,0.0002689400885680154,0.015587282180786134,0.0005824217061743666,,,"ColumnTransformer(transformers=[('numeric', MinMaxScaler(),
                                 ['call_failure', 'subscription_length',
                                  'charge_amount', 'seconds_of_use',
                                  'frequency_of_use', 'frequency_of_sms',
                                  'distinct_called_numbers', 'age',
                                  'customer_value']),
                                ('binary', 'passthrough',
                                 ['complains', 'tariff_plan', 'status'])],
                  verbose_feature_names_out=False)","{'model__C': 10, 'model__gamma': 'scale', 'prep': ColumnTransformer(transformers=[('numeric', MinMaxScaler(),
                                 ['call_failure', 'subscription_length',
                                  'charge_amount', 'seconds_of_use',
                                  'frequency_of_use', 'frequency_of_sms',
                                  'distinct_called_numbers', 'age',
                                  'customer_value']),
                                ('binary', 'passthrough',
                                 ['complains', 'tariff_plan', 'status'])],
                  verbose_feature_names_out=False)}",0.78,0.7024390243902439,0.6301369863013698,0.6126126126126126,0.6886792452830188,0.682773573717449,0.059275215178767174,3,0.6802884615384616,0.6880952380952381,0.6930232558139535,0.6765714285714286,0.6850299401197605,0.6846016648277684,0.005768883524340317,0.6446280991735537,0.5714285714285714,0.4928571428571429,0.4722222222222222,0.553030303030303,0.5468332677423586,0.061134918721897705,3,0.5484496124031008,0.5515267175572519,0.5477941176470589,0.5304659498207885,0.55,0.5456472794856401,0.007699983404898451,0.9873417721518988,0.9113924050632911,0.8734177215189873,0.8717948717948718,0.9125,0.9112893541058098,0.04190351121669473,3,0.8955696202531646,0.9145569620253164,0.9430379746835443,0.9337539432176656,0.9079365079365079,0.9189710016232399,0.017243102974765848,0.9768680611664721,0.9674311243484736,0.9402978406552496,0.9370464441219158,0.9715882352941176,0.9586463411172457,0.016612761012367114,3,0.9604234806773903,0.9622164579339564,0.9701306475313844,0.971720301858189,0.9695447615306189,0.9668071299063078,0.0045717589958126185,0.874132912811211,0.8585247489234427,0.7944675250989868,0.7824640799223089,0.8883874062663328,0.8395953346044565,0.04297053116782144,3,0.8334218347119953,0.8384041766387167,0.8706893318138293,0.8867387238719803,0.8776094841386272,0.8613727102350298,0.021460064726548177,SVM | Undersampling,10.0,scale,,
0.00861063003540039,0.0002491838757060307,0.015619707107543946,0.0005133926427976202,,,"ColumnTransformer(transformers=[('numeric', StandardScaler(),
                                 ['call_failure', 'subscription_length',
                                  'charge_amount', 'seconds_of_use',
                                  'frequency_of_use', 'frequency_of_sms',
                                  'distinct_called_numbers', 'age',
                                  'customer_value']),
                                ('binary', 'passthrough',
                                 ['complains', 'tariff_plan', 'status'])],
                  verbose_feature_names_out=False)","{'model__C': 10, 'model__gamma': 0.1, 'prep': ColumnTransformer(transformers=[('numeric', StandardScaler(),
                                 ['call_failure', 'subscription_length',
                                  'charge_amount', 'seconds_of_use',
                                  'frequency_of_use', 'frequency_of_sms',
                                  'distinct_called_numbers', 'age',
                                  'customer_value']),
                                ('binary', 'passthrough',
                                 ['complains', 'tariff_plan', 'status'])],
                  verbose_feature_names_out=False)}",0.8082901554404145,0.7676767676767676,0.684931506849315,0.6851851851851852,0.7936507936507936,0.7479468817604952,0.052970547799626906,2,0.7568238213399504,0.7555555555555555,0.7424425634824667,0.7580246913580246,0.8021248339973439,0.7629942931466683,0.020355241588649545,0.6842105263157895,0.6386554621848739,0.5357142857142857,0.5362318840579711,0.6880733944954128,0.6165771105536666,0.06806996844061443,2,0.6224489795918368,0.6194331983805668,0.6007827788649707,0.6227180527383367,0.6894977168949772,0.6309761452941377,0.030366303660413867,0.9873417721518988,0.9620253164556962,0.9493670886075949,0.9487179487179487,0.9375,0.9569904251866278,0.01704687768581221,1,0.9651898734177216,0.9683544303797469,0.9715189873417721,0.9684542586750788,0.9587301587301588,0.9664495417088956,0.004347928420839803,0.9850375557351049,0.9770215934475055,0.9576321667907669,0.9667997097242381,0.9800294117647059,0.9733040874924642,0.009845203326754714,2,0.9824151958337369,0.9784905231122681,0.980689116310988,0.9813122136638762,0.9834198538971668,0.9812653805636072,0.0016731968326423761,0.9288258663679938,0.90613021071689,0.8338187535938326,0.8591180436870774,0.9165281050273737,0.8888841958786335,0.03626341002337595,2,0.9213669752068587,0.8965322251954413,0.9088749349351394,0.9114922714356681,0.9199917900591408,0.9116516393664498,0.008947379891112724,SVM | Undersampling,10.0,0.1,,
0.00883026123046875,0.00035177099674118704,0.01610589027404785,0.0005899330769494868,,,"ColumnTransformer(transformers=[('numeric', MinMaxScaler(),
                                 ['call_failure', 'subscription_length',
                                  'charge_amount', 'seconds_of_use',
                                  'frequency_of_use', 'frequency_of_sms',
                                  'distinct_called_numbers', 'age',
                                  'customer_value']),
                                ('binary', 'passthrough',
                                 ['complains', 'tariff_plan', 'status'])],
                  verbose_feature_names_out=False)","{'model__C': 10, 'model__gamma': 0.1, 'prep': ColumnTransformer(transformers=[('numeric', MinMaxScaler(),
                                 ['call_failure', 'subscription_length',
                                  'charge_amount', 'seconds_of_use',
                                  'frequency_of_use', 'frequency_of_sms',
                                  'distinct_called_numbers', 'age',
                                  'customer_value']),
                                ('binary', 'passthrough',
                                 ['complains', 'tariff_plan', 'status'])],
                  verbose_feature_names_out=False)}",0.7475728155339806,0.6536585365853659,0.5871559633027523,0.5882352941176471,0.6222222222222222,0.6397689663523936,0.05923905089228316,7,0.631578947368421,0.6388888888888888,0.6462984723854289,0.6543352601156069,0.6329411764705882,0.6408085490457868,0.008530854167307556,0.6062992125984252,0.5317460317460317,0.460431654676259,0.45454545454545453,0.4827586206896552,0.5071561948511651,0.05653372855488551,6,0.4946236559139785,0.5036496350364964,0.514018691588785,0.5164233576642335,0.502803738317757,0.5063038157042501,0.007970518036469629,0.9746835443037974,0.8481012658227848,0.810126582278481,0.8333333333333334,0.875,0.8682489451476794,0.05723135265777007,7,0.8734177215189873,0.8734177215189873,0.870253164556962,0.8927444794952681,0.8539682539682539,0.8727602682116917,0.012326058237654881,0.9628931382230601,0.938957557706627,0.902144452717796,0.897133526850508,0.9400294117647059,0.9282316174525395,0.024912993276928735,7,0.9235905707750649,0.9326352162789138,0.9329708793626879,0.9388963820861803,0.929000757639532,0.9314187612284757,0.005038471085852968,0.8086062635581475,0.7547414286129851,0.6428320887624458,0.6880413793325734,0.7541870809170923,0.7296816482366488,0.05785215934134064,7,0.7293604648966417,0.7521256276106143,0.7272348705352628,0.7352557518271895,0.723614125579921,0.7335181680899259,0.010041047048011726,SVM | Undersampling,10.0,0.1,,
0.004953718185424805,3.63472544884526e-05,0.018160104751586914,0.00020473274233829988,,,"ColumnTransformer(transformers=[('numeric', StandardScaler(),
                                 ['call_failure', 'subscription_length',
                                  'charge_amount', 'seconds_of_use',
                                  'frequency_of_use', 'frequency_of_sms',
                                  'distinct_called_numbers', 'age',
                                  'customer_value']),
                                ('binary', 'passthrough',
                                 ['complains', 'tariff_plan', 'status'])],
                  verbose_feature_names_out=False)","{'model__n_neighbors': 5, 'model__weights': 'uniform', 'prep': ColumnTransformer(transformers=[('numeric', StandardScaler(),
                                 ['call_failure', 'subscription_length',
                                  'charge_amount', 'seconds_of_use',
                                  'frequency_of_use', 'frequency_of_sms',
                                  'distinct_called_numbers', 'age',
                                  'customer_value']),
                                ('binary', 'passthrough',
                                 ['complains', 'tariff_plan', 'status'])],
                  verbose_feature_names_out=False)}",0.8026315789473685,0.8299319727891157,0.8024691358024691,0.8251748251748252,0.7619047619047619,0.804422454923708,0.02406729434219965,5,0.8770764119601329,0.8747967479674796,0.8921095008051529,0.8778135048231511,0.8846153846153846,0.8812823100342602,0.0063264863815117945,0.8356164383561644,0.8970588235294118,0.7831325301204819,0.9076923076923077,0.835820895522388,0.8518641990441507,0.04561743400475849,7,0.9230769230769231,0.8996655518394648,0.9081967213114754,0.8950819672131147,0.8932038834951457,0.9038450093872248,0.010920588213365683,0.7721518987341772,0.7721518987341772,0.8227848101265823,0.7564102564102564,0.7,0.7646997728010387,0.0393439108515043,4,0.8354430379746836,0.8512658227848101,0.8765822784810127,0.861198738170347,0.8761904761904762,0.8601360707202659,0.015606268685575592,0.9587934284944788,0.9747877885331347,0.9575725986597169,0.9440463231736816,0.9340588235294117,0.9538517924780848,0.01388876484111953,8,0.992806639795561,0.991089077523254,0.9928363903537889,0.9915060583429011,0.9920139181188091,0.9920504168268629,0.0006944723370774592,0.8571509980538854,0.9055614501315133,0.8574341713136759,0.838961339567187,0.8354590984076427,0.8589134114947807,0.02501808840778013,8,0.9524462689728935,0.9412396254808526,0.9528115746445733,0.9445603803588511,0.9458705590779442,0.947385681707023,0.004540964414518702,KNN | Sem balanceamento,,,5.0,uniform
0.004807853698730468,4.554596176346823e-05,0.021077632904052734,0.0001978222613317707,,,"ColumnTransformer(transformers=[('numeric', MinMaxScaler(),
                                 ['call_failure', 'subscription_length',
                                  'charge_amount', 'seconds_of_use',
                                  'frequency_of_use', 'frequency_of_sms',
                                  'distinct_called_numbers', 'age',
                                  'customer_value']),
                                ('binary', 'passthrough',
                                 ['complains', 'tariff_plan', 'status'])],
                  verbose_feature_names_out=False)","{'model__n_neighbors': 5, 'model__weights': 'uniform', 'prep': ColumnTransformer(transformers=[('numeric', MinMaxScaler(),
                                 ['call_failure', 'subscription_length',
                                  'charge_amount', 'seconds_of_use',
                                  'frequency_of_use', 'frequency_of_sms',
                                  'distinct_called_numbers', 'age',
                                  'customer_value']),
                                ('binary', 'passthrough',
                                 ['complains', 'tariff_plan', 'status'])],
                  verbose_feature_names_out=False)}",0.8407643312101911,0.8356164383561644,0.8271604938271605,0.8111888111888111,0.7755102040816326,0.818048055732792,0.023512685199271348,2,0.8825396825396825,0.887459807073955,0.8899521531100478,0.8931419457735247,0.8928,0.889178717699442,0.003910255904486197,0.8461538461538461,0.9104477611940298,0.8072289156626506,0.8923076923076924,0.8507462686567164,0.861376896794987,0.03644562862693638,3,0.8853503184713376,0.9019607843137255,0.8971061093247589,0.9032258064516129,0.9,0.897528603712287,0.006429607709107771,0.8354430379746836,0.7721518987341772,0.8481012658227848,0.7435897435897436,0.7125,0.7823571892242779,0.052206284347139205,3,0.879746835443038,0.8734177215189873,0.8829113924050633,0.8832807570977917,0.8857142857142857,0.8810141984358332,0.0042459421581960395,0.9609779453571534,0.9765003723008189,0.9581384959046909,0.9520440251572326,0.9436323529411764,0.9582586383322145,0.010887787326494399,6,0.9927693878007167,0.9920298665552763,0.9925538739249458,0.9926671942868396,0.9931036095443874,0.9926247864224331,0.0003495533716961886,0.8687350994966452,0.9160270548591416,0.8671442311130644,0.8660893368718179,0.8609710985654905,0.8757933641812319,0.02028420160006163,6,0.951409333923347,0.9472280751611063,0.9499396072314376,0.9510717402468559,0.9535443329874322,0.9506386179100359,0.002066165337716509,KNN | Sem balanceamento,,,5.0,uniform
0.004953527450561523,3.45015986310915e-05,0.0180023193359375,0.00024146900922401222,,,"ColumnTransformer(transformers=[('numeric', StandardScaler(),
                                 ['call_failure', 'subscription_length',
                                  'charge_amount', 'seconds_of_use',
                                  'frequency_of_use', 'frequency_of_sms',
                                  'distinct_called_numbers', 'age',
                                  'customer_value']),
                                ('binary', 'passthrough',
                                 ['complains', 'tariff_plan', 'status'])],
                  verbose_feature_names_out=False)","{'model__n_neighbors': 5, 'model__weights': 'distance', 'prep': ColumnTransformer(transformers=[('numeric', StandardScaler(),
                                 ['call_failure', 'subscription_length',
                                  'charge_amount', 'seconds_of_use',
                                  'frequency_of_use', 'frequency_of_sms',
                                  'distinct_called_numbers', 'age',
                                  'customer_value']),
                                ('binary', 'passthrough',
                                 ['complains', 'tariff_plan', 'status'])],
                  verbose_feature_names_out=False)}",0.8235294117647058,0.8299319727891157,0.8148148148148148,0.8356164383561644,0.7814569536423841,0.8170699182734369,0.019102354049324706,3,0.9658536585365853,0.965625,0.9733124018838305,0.9748427672955975,0.97339593114241,0.9706059517716847,0.004011324829192859,0.8513513513513513,0.8970588235294118,0.7951807228915663,0.8970588235294118,0.8309859154929577,0.8543271273589397,0.0392529241989669,6,0.9933110367892977,0.9537037037037037,0.9657320872274143,0.9717868338557993,0.9598765432098766,0.9688820409572184,0.013613352115523265,0.7974683544303798,0.7721518987341772,0.8354430379746836,0.782051282051282,0.7375,0.7849229146381045,0.032031075146581545,2,0.939873417721519,0.9778481012658228,0.9810126582278481,0.9779179810725552,0.9873015873015873,0.9727907491178666,0.01681416211846141,0.9609779453571535,0.9749962769918094,0.9579300074460163,0.9472363328495403,0.936235294117647,0.9554751713524332,0.013079997272656133,7,0.999586502857228,0.9994060628212109,0.9997007004169681,0.9996990335633311,0.999642693455304,0.9996069986228087,0.00010892185303510726,0.8795328083854441,0.9288968539970028,0.8732215019771641,0.8693174139283847,0.8623262624983389,0.8826589681572669,0.02378317354098401,4,0.9971095373303666,0.99621505322958,0.9978650837442627,0.9979028665981678,0.9976178644433525,0.997342081069146,0.0006306087564933704,KNN | Sem balanceamento,,,5.0,distance
0.004767322540283203,5.505200120920633e-05,0.02070198059082031,0.00013149268598806356,,,"ColumnTransformer(transformers=[('numeric', MinMaxScaler(),
                                 ['call_failure', 'subscription_length',
                                  'charge_amount', 'seconds_of_use',
                                  'frequency_of_use', 'frequency_of_sms',
                                  'distinct_called_numbers', 'age',
                                  'customer_value']),
                                ('binary', 'passthrough',
                                 ['complains', 'tariff_plan', 'status'])],
                  verbose_feature_names_out=False)","{'model__n_neighbors': 5, 'model__weights': 'distance', 'prep': ColumnTransformer(transformers=[('numeric', MinMaxScaler(),
                                 ['call_failure', 'subscription_length',
                                  'charge_amount', 'seconds_of_use',
                                  'frequency_of_use', 'frequency_of_sms',
                                  'distinct_called_numbers', 'age',
                                  'customer_value']),
                                ('binary', 'passthrough',
                                 ['complains', 'tariff_plan', 'status'])],
                  verbose_feature_names_out=False)}",0.8481012658227848,0.8435374149659864,0.8271604938271605,0.8275862068965517,0.8026315789473685,0.8298033920919703,0.015960224424279905,1,0.9685534591194969,0.965625,0.9733124018838305,0.9748427672955975,0.97339593114241,0.971145911888267,0.0034820765322982725,0.8481012658227848,0.9117647058823529,0.8072289156626506,0.8955223880597015,0.8472222222222222,0.8619678995299423,0.037447831733890095,2,0.9625,0.9537037037037037,0.9657320872274143,0.9717868338557993,0.9598765432098766,0.9627198335993586,0.00601177828792248,0.8481012658227848,0.7848101265822784,0.8481012658227848,0.7692307692307693,0.7625,0.8025486854917234,0.037891192579295734,1,0.9746835443037974,0.9778481012658228,0.9810126582278481,0.9779179810725552,0.9873015873015873,0.9797527744343222,0.0042723114014215505,0.963611335547775,0.9766046165301563,0.9595085629188383,0.9549467827769714,0.9463088235294117,0.9601960242606304,0.010017861397075006,5,0.9995529760618682,0.9994060628212109,0.9996484861594922,0.9996990335633311,0.999642693455304,0.9995898504122411,0.00010323671330479988,0.8932452791713231,0.9366527284349264,0.8836465698982764,0.8946131709071596,0.8883443095656789,0.8993004115954729,0.019073066658443976,2,0.9971711991856339,0.99621505322958,0.9977419264754775,0.9979028665981678,0.9976178644433525,0.9973297819864424,0.0006081199322676583,KNN | Sem balanceamento,,,5.0,distance
0.0049402713775634766,4.657334700905445e-05,0.023709201812744142,0.0004072626948014251,,,"ColumnTransformer(transformers=[('numeric', StandardScaler(),
                                 ['call_failure', 'subscription_length',
                                  'charge_amount', 'seconds_of_use',
                                  'frequency_of_use', 'frequency_of_sms',
                                  'distinct_called_numbers', 'age',
                                  'customer_value']),
                                ('binary', 'passthrough',
                                 ['complains', 'tariff_plan', 'status'])],
                  verbose_feature_names_out=False)","{'model__n_neighbors': 15, 'model__weights': 'uniform', 'prep': ColumnTransformer(transformers=[('numeric', StandardScaler(),
                                 ['call_failure', 'subscription_length',
                                  'charge_amount', 'seconds_of_use',
                                  'frequency_of_use', 'frequency_of_sms',
                                  'distinct_called_numbers', 'age',
                                  'customer_value']),
                                ('binary', 'passthrough',
                                 ['complains', 'tariff_plan', 'status'])],
                  verbose_feature_names_out=False)}",0.7464788732394366,0.7575757575757576,0.7785234899328859,0.7346938775510204,0.7222222222222222,0.7478988441042645,0.019324533405316098,8,0.7891891891891892,0.8161120840630472,0.8035087719298246,0.8034188034188035,0.8139130434782609,0.8052283784158252,0.009564158667090806,0.8412698412698413,0.9433962264150944,0.8285714285714286,0.782608695652174,0.8125,0.8416692383817075,0.054514373168000334,8,0.9163179916317992,0.9137254901960784,0.9015748031496063,0.8768656716417911,0.9,0.9016967913238549,0.013985332184685522,0.6708860759493671,0.6329113924050633,0.7341772151898734,0.6923076923076923,0.65,0.6760564751703992,0.035240015811837895,8,0.6930379746835443,0.7373417721518988,0.7246835443037974,0.7413249211356467,0.7428571428571429,0.7278490710264061,0.018540685634165523,0.970464135021097,0.970379746835443,0.957572598659717,0.9550979680696663,0.9657205882352942,0.9638470073642436,0.0064169659789580355,4,0.9822773634528128,0.981840627167824,0.9840513415334581,0.9816596255383028,0.9825883211269186,0.9824834557638633,0.0008489595297743673,0.8579065353938995,0.892947517582133,0.8672638673741644,0.8145061772187511,0.8631371869491233,0.8591522569036142,0.025371723589577008,7,0.9109977460584171,0.9083304920975163,0.9165566303228138,0.9052544736220702,0.9111451769765805,0.9104569038154796,0.003729874004625402,KNN | Sem balanceamento,,,15.0,uniform
0.004820060729980469,0.00010896646181402807,0.026446771621704102,0.000327318975761109,,,"ColumnTransformer(transformers=[('numeric', MinMaxScaler(),
                                 ['call_failure', 'subscription_length',
                                  'charge_amount', 'seconds_of_use',
                                  'frequency_of_use', 'frequency_of_sms',
                                  'distinct_called_numbers', 'age',
                                  'customer_value']),
                                ('binary', 'passthrough',
                                 ['complains', 'tariff_plan', 'status'])],
                  verbose_feature_names_out=False)","{'model__n_neighbors': 15, 'model__weights': 'uniform', 'prep': ColumnTransformer(transformers=[('numeric', MinMaxScaler(),
                                 ['call_failure', 'subscription_length',
                                  'charge_amount', 'seconds_of_use',
                                  'frequency_of_use', 'frequency_of_sms',
                                  'distinct_called_numbers', 'age',
                                  'customer_value']),
                                ('binary', 'passthrough',
                                 ['complains', 'tariff_plan', 'status'])],
                  verbose_feature_names_out=False)}",0.7837837837837838,0.7761194029850746,0.8026315789473685,0.7638888888888888,0.7586206896551724,0.7770088688520577,0.015578657855538854,7,0.8035087719298246,0.8257839721254355,0.8214904679376083,0.8263069139966274,0.8324873096446701,0.8219154871268332,0.00984886839328053,0.8405797101449275,0.9454545454545454,0.8356164383561644,0.8333333333333334,0.8461538461538461,0.8602275746885635,0.042840992545889585,4,0.9015748031496063,0.9186046511627907,0.9080459770114943,0.8876811594202898,0.8913043478260869,0.9014421877140537,0.01122781785445231,0.7341772151898734,0.6582278481012658,0.7721518987341772,0.7051282051282052,0.6875,0.7114370334307043,0.03910859502128532,7,0.7246835443037974,0.75,0.75,0.7728706624605678,0.780952380952381,0.7557013175433492,0.019796539638905673,0.9730676003231888,0.9766492926284438,0.9615636634400595,0.9633224479922594,0.9681764705882354,0.9685558949944374,0.005697065959777717,3,0.9840933982014737,0.9837492447580615,0.9862331515779895,0.9845782568469863,0.9849744179738288,0.984725693871668,0.0008613107194967776,0.8708339214909037,0.9065143591204967,0.8877694524210221,0.871621217592498,0.8758290994034666,0.8825136100056774,0.013441739886215106,5,0.9220170392002313,0.9195154678845151,0.9280187025225833,0.9217534492048617,0.9248280393235545,0.9232265396271492,0.002930343551459083,KNN | Sem balanceamento,,,15.0,uniform
0.00495600700378418,5.107524758361672e-05,0.02331843376159668,0.00037157523238125255,,,"ColumnTransformer(transformers=[('numeric', StandardScaler(),
                                 ['call_failure', 'subscription_length',
                                  'charge_amount', 'seconds_of_use',
                                  'frequency_of_use', 'frequency_of_sms',
                                  'distinct_called_numbers', 'age',
                                  'customer_value']),
                                ('binary', 'passthrough',
                                 ['complains', 'tariff_plan', 'status'])],
                  verbose_feature_names_out=False)","{'model__n_neighbors': 15, 'model__weights': 'distance', 'prep': ColumnTransformer(transformers=[('numeric', StandardScaler(),
                                 ['call_failure', 'subscription_length',
                                  'charge_amount', 'seconds_of_use',
                                  'frequency_of_use', 'frequency_of_sms',
                                  'distinct_called_numbers', 'age',
                                  'customer_value']),
                                ('binary', 'passthrough',
                                 ['complains', 'tariff_plan', 'status'])],
                  verbose_feature_names_out=False)}",0.8322147651006712,0.8115942028985508,0.7581699346405228,0.7692307692307693,0.7870967741935484,0.7916612892128125,0.02715709597767398,6,0.9696,0.9666136724960255,0.9744408945686901,0.9748427672955975,0.9745222929936306,0.9720039254707888,0.0033218579461369246,0.8857142857142857,0.9491525423728814,0.7837837837837838,0.8461538461538461,0.8133333333333334,0.8556275582716261,0.057779260009851896,5,0.9805825242718447,0.9712460063897763,0.9838709677419355,0.9717868338557993,0.9776357827476039,0.9770244230013919,0.004913887643603079,0.7848101265822784,0.7088607594936709,0.7341772151898734,0.7051282051282052,0.7625,0.7390952612788055,0.030756150225241963,6,0.9588607594936709,0.9620253164556962,0.9651898734177216,0.9779179810725552,0.9714285714285714,0.9670845003736431,0.006827153501461802,0.9760002393991082,0.9727029039463887,0.9601935964259121,0.9643202709240446,0.9714558823529412,0.968934578609679,0.0057996106033938,2,0.9996163044531036,0.9995104913361629,0.9997193483660667,0.9997027491983518,0.9997193927659455,0.9996536572239261,8.116429079401578e-05,0.8922948909470731,0.9183847607827369,0.882384000427298,0.87186691157306,0.9005880708478574,0.8931037269156052,0.015885308652895423,3,0.9975151417700062,0.9967819457911906,0.9980067139350375,0.9979358202493862,0.9981178043438255,0.9976714852178892,0.0004893211070863596,KNN | Sem balanceamento,,,15.0,distance
0.004901218414306641,0.0002151310647828338,0.026221752166748047,0.00048228970642954486,,,"ColumnTransformer(transformers=[('numeric', MinMaxScaler(),
                                 ['call_failure', 'subscription_length',
                                  'charge_amount', 'seconds_of_use',
                                  'frequency_of_use', 'frequency_of_sms',
                                  'distinct_called_numbers', 'age',
                                  'customer_value']),
                                ('binary', 'passthrough',
                                 ['complains', 'tariff_plan', 'status'])],
                  verbose_feature_names_out=False)","{'model__n_neighbors': 15, 'model__weights': 'distance', 'prep': ColumnTransformer(transformers=[('numeric', MinMaxScaler(),
                                 ['call_failure', 'subscription_length',
                                  'charge_amount', 'seconds_of_use',
                                  'frequency_of_use', 'frequency_of_sms',
                                  'distinct_called_numbers', 'age',
                                  'customer_value']),
                                ('binary', 'passthrough',
                                 ['complains', 'tariff_plan', 'status'])],
                  verbose_feature_names_out=False)}",0.8322147651006712,0.8201438848920863,0.8,0.8055555555555556,0.8,0.8115828411096626,0.01267769967864404,4,0.9696,0.9666136724960255,0.9744408945686901,0.9748427672955975,0.9745222929936306,0.9720039254707888,0.0033218579461369246,0.8857142857142857,0.95,0.8157894736842105,0.8787878787878788,0.8266666666666667,0.8713916609706083,0.04802299642676987,1,0.9805825242718447,0.9712460063897763,0.9838709677419355,0.9717868338557993,0.9776357827476039,0.9770244230013919,0.004913887643603079,0.7848101265822784,0.7215189873417721,0.7848101265822784,0.7435897435897436,0.775,0.7619457968192145,0.025247728556850767,5,0.9588607594936709,0.9620253164556962,0.9651898734177216,0.9779179810725552,0.9714285714285714,0.9670845003736431,0.006827153501461802,0.9758356525121944,0.9795532390171258,0.963469843633656,0.9700048379293663,0.97475,0.9727227146184685,0.005540014567991119,1,0.9996163044531036,0.9995104913361629,0.9997193483660667,0.9997027491983518,0.9997193927659455,0.9996536572239261,8.116429079401578e-05,0.8919735460623331,0.931850877721744,0.8995967255467338,0.9064631533399753,0.9110591846367035,0.908188697461498,0.01347493295039833,1,0.9975151417700062,0.9967819457911906,0.9980067139350375,0.9979358202493862,0.9981178043438255,0.9976714852178892,0.0004893211070863596,KNN | Sem balanceamento,,,15.0,distance
0.056389236450195314,0.00048197271022439774,0.020481634140014648,0.00027225582843694003,,,"ColumnTransformer(transformers=[('numeric', StandardScaler(),
                                 ['call_failure', 'subscription_length',
                                  'charge_amount', 'seconds_of_use',
                                  'frequency_of_use', 'frequency_of_sms',
                                  'distinct_called_numbers', 'age',
                                  'customer_value']),
                                ('binary', 'passthrough',
                                 ['complains', 'tariff_plan', 'status'])],
                  verbose_feature_names_out=False)","{'model__n_neighbors': 5, 'model__weights': 'uniform', 'prep': ColumnTransformer(transformers=[('numeric', StandardScaler(),
                                 ['call_failure', 'subscription_length',
                                  'charge_amount', 'seconds_of_use',
                                  'frequency_of_use', 'frequency_of_sms',
                                  'distinct_called_numbers', 'age',
                                  'customer_value']),
                                ('binary', 'passthrough',
                                 ['complains', 'tariff_plan', 'status'])],
                  verbose_feature_names_out=False)}",0.8248587570621468,0.8352941176470589,0.7734806629834254,0.8114285714285714,0.7931034482758621,0.807633111479413,0.022152925293305484,4,0.8843338213762811,0.8688046647230321,0.8885630498533724,0.8607954545454546,0.8759124087591241,0.8756818798514528,0.01009688588286822,0.7448979591836735,0.7802197802197802,0.6862745098039216,0.7319587628865979,0.7340425531914894,0.7354787130570927,0.030086513625180753,4,0.8228882833787466,0.8054054054054054,0.8278688524590164,0.7829457364341085,0.8108108108108109,0.8099838176976176,0.015742320782341803,0.9240506329113924,0.8987341772151899,0.8860759493670886,0.9102564102564102,0.8625,0.8963234339500161,0.021060734548145783,8,0.9556962025316456,0.9430379746835443,0.9588607594936709,0.9558359621451105,0.9523809523809523,0.9531623702469847,0.005461758674596081,0.9629978753329143,0.9715413253909158,0.9514668652271036,0.9527697145621674,0.9409117647058823,0.9559375090437967,0.010479717817318086,8,0.9946543387398395,0.9930909348589841,0.9952335842104086,0.9940103963467876,0.9940258719869798,0.9942030252285999,0.0007170731967841257,0.8338575304442135,0.868736058520214,0.7523281771666311,0.8581181202959025,0.7860547398486841,0.8198189252551291,0.04416292109226052,8,0.9695472043388409,0.9582828076847423,0.9686381210053508,0.9661014401745096,0.9638869754949344,0.9652913097396756,0.004026446362082993,KNN | SMOTENC,,,5.0,uniform
0.055856513977050784,0.0002588253646649907,0.021909141540527345,0.0003387782740045573,,,"ColumnTransformer(transformers=[('numeric', MinMaxScaler(),
                                 ['call_failure', 'subscription_length',
                                  'charge_amount', 'seconds_of_use',
                                  'frequency_of_use', 'frequency_of_sms',
                                  'distinct_called_numbers', 'age',
                                  'customer_value']),
                                ('binary', 'passthrough',
                                 ['complains', 'tariff_plan', 'status'])],
                  verbose_feature_names_out=False)","{'model__n_neighbors': 5, 'model__weights': 'uniform', 'prep': ColumnTransformer(transformers=[('numeric', MinMaxScaler(),
                                 ['call_failure', 'subscription_length',
                                  'charge_amount', 'seconds_of_use',
                                  'frequency_of_use', 'frequency_of_sms',
                                  'distinct_called_numbers', 'age',
                                  'customer_value']),
                                ('binary', 'passthrough',
                                 ['complains', 'tariff_plan', 'status'])],
                  verbose_feature_names_out=False)}",0.8255813953488372,0.8439306358381503,0.8156424581005587,0.8068181818181818,0.8160919540229885,0.8216129250257433,0.012639944583004917,2,0.8833819241982507,0.880466472303207,0.8950437317784257,0.8812589413447782,0.8905325443786982,0.8861367228006719,0.005695462479044026,0.7634408602150538,0.776595744680851,0.73,0.7244897959183674,0.7553191489361702,0.7499691099500885,0.019834562990726164,2,0.8189189189189189,0.8162162162162162,0.8297297297297297,0.806282722513089,0.8337950138504155,0.8209885202456737,0.009835991501068106,0.8987341772151899,0.9240506329113924,0.9240506329113924,0.9102564102564102,0.8875,0.908918370658877,0.014298429770445839,6,0.9588607594936709,0.9556962025316456,0.9715189873417721,0.9716088328075709,0.9555555555555556,0.9626480675460429,0.0073751527155935925,0.9583595176107969,0.9728816083395382,0.9501116902457184,0.9644412191582002,0.9553529411764705,0.9602293953061448,0.007841711011855355,6,0.995046415985576,0.9946648217629025,0.9959543274430678,0.9952830013413442,0.9951810384338375,0.9952259209933455,0.00042021493559622986,0.8406269567045482,0.8802052091497197,0.7782704624700816,0.8662452124555551,0.8111004685909152,0.8352896618741641,0.03698768818767419,6,0.9710179104193235,0.9689671492457101,0.9762651503237108,0.9726581905268764,0.972184468890959,0.9722185738813159,0.002390922907981504,KNN | SMOTENC,,,5.0,uniform
0.05644869804382324,0.0005371279884291164,0.020461893081665038,0.0004824332074639213,,,"ColumnTransformer(transformers=[('numeric', StandardScaler(),
                                 ['call_failure', 'subscription_length',
                                  'charge_amount', 'seconds_of_use',
                                  'frequency_of_use', 'frequency_of_sms',
                                  'distinct_called_numbers', 'age',
                                  'customer_value']),
                                ('binary', 'passthrough',
                                 ['complains', 'tariff_plan', 'status'])],
                  verbose_feature_names_out=False)","{'model__n_neighbors': 5, 'model__weights': 'distance', 'prep': ColumnTransformer(transformers=[('numeric', StandardScaler(),
                                 ['call_failure', 'subscription_length',
                                  'charge_amount', 'seconds_of_use',
                                  'frequency_of_use', 'frequency_of_sms',
                                  'distinct_called_numbers', 'age',
                                  'customer_value']),
                                ('binary', 'passthrough',
                                 ['complains', 'tariff_plan', 'status'])],
                  verbose_feature_names_out=False)}",0.8342857142857143,0.8402366863905325,0.7802197802197802,0.8255813953488372,0.7931034482758621,0.8146854049041453,0.02370410453068939,3,0.96875,0.9658385093167702,0.9734789391575663,0.975,0.97339593114241,0.9712926759233493,0.0034397911412936658,0.7604166666666666,0.7888888888888889,0.6893203883495146,0.7553191489361702,0.7340425531914894,0.7455975292065459,0.03313274091325992,3,0.9567901234567902,0.948170731707317,0.96,0.9659442724458205,0.9598765432098766,0.9581563341639608,0.005806702914343077,0.9240506329113924,0.8987341772151899,0.8987341772151899,0.9102564102564102,0.8625,0.8988550795196364,0.020428055682808664,7,0.9810126582278481,0.9841772151898734,0.9873417721518988,0.9842271293375394,0.9873015873015873,0.9848120724417495,0.002357024199922489,0.9642247957626356,0.9725688756515264,0.9522710349962771,0.9531930333817126,0.9420000000000001,0.9568515479584303,0.010548302969297454,7,0.9995557699614815,0.9989510528632062,0.9991375323541917,0.9996916022932899,0.9991506954382617,0.9992973305820861,0.0002789934381712772,0.8473484925315238,0.8802318411683432,0.7589317967697028,0.8692424928394649,0.7947449948371297,0.8300999236292329,0.04616868263291014,7,0.9970685724656815,0.9902066017392287,0.9916466755026779,0.9977545184409305,0.9915773028482333,0.9936507341993505,0.0031208998941525297,KNN | SMOTENC,,,5.0,distance
0.05607762336730957,0.0004310425294535664,0.02180452346801758,0.0004571600351362508,,,"ColumnTransformer(transformers=[('numeric', MinMaxScaler(),
                                 ['call_failure', 'subscription_length',
                                  'charge_amount', 'seconds_of_use',
                                  'frequency_of_use', 'frequency_of_sms',
                                  'distinct_called_numbers', 'age',
                                  'customer_value']),
                                ('binary', 'passthrough',
                                 ['complains', 'tariff_plan', 'status'])],
                  verbose_feature_names_out=False)","{'model__n_neighbors': 5, 'model__weights': 'distance', 'prep': ColumnTransformer(transformers=[('numeric', MinMaxScaler(),
                                 ['call_failure', 'subscription_length',
                                  'charge_amount', 'seconds_of_use',
                                  'frequency_of_use', 'frequency_of_sms',
                                  'distinct_called_numbers', 'age',
                                  'customer_value']),
                                ('binary', 'passthrough',
                                 ['complains', 'tariff_plan', 'status'])],
                  verbose_feature_names_out=False)}",0.8255813953488372,0.8505747126436781,0.8202247191011236,0.8208092485549133,0.8160919540229885,0.8266564059343082,0.012332108763131495,1,0.96875,0.9658385093167702,0.9734789391575663,0.975,0.97339593114241,0.9712926759233493,0.0034397911412936658,0.7634408602150538,0.7789473684210526,0.7373737373737373,0.7473684210526316,0.7553191489361702,0.7564899071997291,0.014160885887458037,1,0.9567901234567902,0.948170731707317,0.96,0.9659442724458205,0.9598765432098766,0.9581563341639608,0.005806702914343077,0.8987341772151899,0.9367088607594937,0.9240506329113924,0.9102564102564102,0.8875,0.9114500162284973,0.017512882699341873,5,0.9810126582278481,0.9841772151898734,0.9873417721518988,0.9842271293375394,0.9873015873015873,0.9848120724417495,0.002357024199922489,0.9599305742586108,0.9741176470588234,0.9509158600148919,0.9662100870827286,0.9564705882352941,0.9615289513300697,0.008014584777908573,5,0.9995557699614815,0.9994051304237561,0.9996578101340414,0.9996916022932899,0.9996838491829653,0.999598832399107,0.00010833956692860338,0.8546152952169687,0.8921225446957419,0.7846192014003607,0.8821295630088728,0.8190650126617389,0.8465103233967366,0.0399966288426758,5,0.9970685724656815,0.9960461513419682,0.9976288070501866,0.9977953300930736,0.9974161625719482,0.9971910047045716,0.0006218126742419761,KNN | SMOTENC,,,5.0,distance
0.056258630752563474,0.0004119584230171767,0.027265405654907225,0.0002643537039269822,,,"ColumnTransformer(transformers=[('numeric', StandardScaler(),
                                 ['call_failure', 'subscription_length',
                                  'charge_amount', 'seconds_of_use',
                                  'frequency_of_use', 'frequency_of_sms',
                                  'distinct_called_numbers', 'age',
                                  'customer_value']),
                                ('binary', 'passthrough',
                                 ['complains', 'tariff_plan', 'status'])],
                  verbose_feature_names_out=False)","{'model__n_neighbors': 15, 'model__weights': 'uniform', 'prep': ColumnTransformer(transformers=[('numeric', StandardScaler(),
                                 ['call_failure', 'subscription_length',
                                  'charge_amount', 'seconds_of_use',
                                  'frequency_of_use', 'frequency_of_sms',
                                  'distinct_called_numbers', 'age',
                                  'customer_value']),
                                ('binary', 'passthrough',
                                 ['complains', 'tariff_plan', 'status'])],
                  verbose_feature_names_out=False)}",0.7894736842105263,0.7978142076502732,0.7700534759358288,0.7604166666666666,0.7759562841530054,0.7787428637232601,0.013401392852171509,8,0.8053691275167785,0.8048452220726783,0.8130968622100955,0.8091397849462365,0.8048128342245989,0.8074527661940776,0.0032499824428516896,0.6756756756756757,0.7019230769230769,0.6666666666666666,0.6403508771929824,0.6893203883495146,0.6747873369615832,0.02097695001188787,8,0.6993006993006993,0.7002341920374707,0.7146282973621103,0.7049180327868853,0.6951501154734411,0.7028462673921213,0.006659327100681403,0.9493670886075949,0.9240506329113924,0.9113924050632911,0.9358974358974359,0.8875,0.921641512495943,0.021205800445185018,3,0.9493670886075949,0.9462025316455697,0.9430379746835443,0.9495268138801262,0.9555555555555556,0.9487379928744781,0.0041573051836754,0.9751024927432146,0.9689947877885332,0.9694564408041696,0.962097847121432,0.9745,0.97003031369147,0.004691071645174901,4,0.9878800634773992,0.9868550606804264,0.9886825596920851,0.9884583087172514,0.9883155147739708,0.9880383014682266,0.0006470579554845824,0.8780111266644213,0.904309878050552,0.8560967301392433,0.8648901144223871,0.8992852690021931,0.8805186236557594,0.018789238878612325,4,0.9460505585481421,0.9416006738923505,0.9507331967091144,0.9483514799553461,0.9478844886248647,0.9469240795459637,0.0030519147359225523,KNN | SMOTENC,,,15.0,uniform
0.056038856506347656,0.0003306336040751692,0.027593660354614257,0.00039048932348385135,,,"ColumnTransformer(transformers=[('numeric', MinMaxScaler(),
                                 ['call_failure', 'subscription_length',
                                  'charge_amount', 'seconds_of_use',
                                  'frequency_of_use', 'frequency_of_sms',
                                  'distinct_called_numbers', 'age',
                                  'customer_value']),
                                ('binary', 'passthrough',
                                 ['complains', 'tariff_plan', 'status'])],
                  verbose_feature_names_out=False)","{'model__n_neighbors': 15, 'model__weights': 'uniform', 'prep': ColumnTransformer(transformers=[('numeric', MinMaxScaler(),
                                 ['call_failure', 'subscription_length',
                                  'charge_amount', 'seconds_of_use',
                                  'frequency_of_use', 'frequency_of_sms',
                                  'distinct_called_numbers', 'age',
                                  'customer_value']),
                                ('binary', 'passthrough',
                                 ['complains', 'tariff_plan', 'status'])],
                  verbose_feature_names_out=False)}",0.8128342245989305,0.8,0.7789473684210526,0.7604166666666666,0.7807486631016043,0.7865893845576508,0.01814476141973284,7,0.8140161725067385,0.8158253751705321,0.825136612021858,0.8278688524590164,0.8173207036535859,0.8200335431623461,0.005453628319091673,0.7037037037037037,0.6981132075471698,0.6666666666666666,0.6403508771929824,0.6822429906542056,0.6782154891529457,0.022929863437544253,7,0.7089201877934272,0.7170263788968825,0.7259615384615384,0.7301204819277108,0.7122641509433962,0.7188585476045911,0.008036137742062183,0.9620253164556962,0.9367088607594937,0.9367088607594937,0.9358974358974359,0.9125,0.9367680947744239,0.01566928674352781,1,0.9556962025316456,0.9462025316455697,0.9556962025316456,0.9558359621451105,0.9587301587301588,0.954432211516826,0.004274712702146302,0.9775862584911872,0.9782874162323157,0.965048399106478,0.9664519835510401,0.9762205882352941,0.972718929123263,0.005745819313901512,2,0.9885263855879483,0.9876289505680165,0.989421018476388,0.989614800117414,0.9885615137824919,0.9887505337064517,0.000712800940366767,0.8910051765478506,0.9245420403670426,0.8549594789144391,0.8878668814166797,0.8938491127195736,0.8904445379931172,0.022092436914203237,3,0.949922121710977,0.9477936024105643,0.9547389455248247,0.9543822582426211,0.9502482534128746,0.9514170362603723,0.0027039866228884945,KNN | SMOTENC,,,15.0,uniform
0.05641717910766601,0.00041342816675378003,0.02692523002624512,0.00035485129479268456,,,"ColumnTransformer(transformers=[('numeric', StandardScaler(),
                                 ['call_failure', 'subscription_length',
                                  'charge_amount', 'seconds_of_use',
                                  'frequency_of_use', 'frequency_of_sms',
                                  'distinct_called_numbers', 'age',
                                  'customer_value']),
                                ('binary', 'passthrough',
                                 ['complains', 'tariff_plan', 'status'])],
                  verbose_feature_names_out=False)","{'model__n_neighbors': 15, 'model__weights': 'distance', 'prep': ColumnTransformer(transformers=[('numeric', StandardScaler(),
                                 ['call_failure', 'subscription_length',
                                  'charge_amount', 'seconds_of_use',
                                  'frequency_of_use', 'frequency_of_sms',
                                  'distinct_called_numbers', 'age',
                                  'customer_value']),
                                ('binary', 'passthrough',
                                 ['complains', 'tariff_plan', 'status'])],
                  verbose_feature_names_out=False)}",0.7978723404255319,0.8044692737430168,0.7783783783783784,0.7932960893854749,0.7777777777777778,0.790358771942036,0.010639539936448594,6,0.96875,0.9658385093167702,0.9734789391575663,0.975,0.97339593114241,0.9712926759233493,0.0034397911412936658,0.6880733944954128,0.72,0.6792452830188679,0.7029702970297029,0.7,0.6980577949087967,0.01387778121453227,6,0.9567901234567902,0.948170731707317,0.96,0.9659442724458205,0.9598765432098766,0.9581563341639608,0.005806702914343077,0.9493670886075949,0.9113924050632911,0.9113924050632911,0.9102564102564102,0.875,0.9114816617981173,0.023527576955387368,4,0.9810126582278481,0.9841772151898734,0.9873417721518988,0.9842271293375394,0.9873015873015873,0.9848120724417495,0.002357024199922489,0.9761349013974923,0.9701414743112434,0.9703946388682054,0.9659833091436865,0.9764411764705883,0.9718191000382432,0.0039721456415585735,3,0.999603266254908,0.999508626541253,0.9997156187762469,0.9997027491983517,0.9997156513361581,0.9996491824213836,8.193357706906604e-05,0.8880917420702019,0.9169336908546453,0.863138024825288,0.8798014922160737,0.9123332571610128,0.8920596414254444,0.020160377893773635,2,0.9974734300084155,0.9969530992937689,0.9980622206149418,0.9981510778163544,0.9981377962997455,0.9977555248066452,0.0004733117737088217,KNN | SMOTENC,,,15.0,distance
0.05615544319152832,0.0003735797141514553,0.027422189712524414,0.0004337787654382312,,,"ColumnTransformer(transformers=[('numeric', MinMaxScaler(),
                                 ['call_failure', 'subscription_length',
                                  'charge_amount', 'seconds_of_use',
                                  'frequency_of_use', 'frequency_of_sms',
                                  'distinct_called_numbers', 'age',
                                  'customer_value']),
                                ('binary', 'passthrough',
                                 ['complains', 'tariff_plan', 'status'])],
                  verbose_feature_names_out=False)","{'model__n_neighbors': 15, 'model__weights': 'distance', 'prep': ColumnTransformer(transformers=[('numeric', MinMaxScaler(),
                                 ['call_failure', 'subscription_length',
                                  'charge_amount', 'seconds_of_use',
                                  'frequency_of_use', 'frequency_of_sms',
                                  'distinct_called_numbers', 'age',
                                  'customer_value']),
                                ('binary', 'passthrough',
                                 ['complains', 'tariff_plan', 'status'])],
                  verbose_feature_names_out=False)}",0.8241758241758241,0.7978142076502732,0.8,0.7912087912087912,0.8,0.8026397646069776,0.01124003317509208,5,0.96875,0.9658385093167702,0.9734789391575663,0.975,0.97339593114241,0.9712926759233493,0.0034397911412936658,0.7281553398058253,0.7019230769230769,0.6981132075471698,0.6923076923076923,0.72,0.7080998633167528,0.013646347783025028,5,0.9567901234567902,0.948170731707317,0.96,0.9659442724458205,0.9598765432098766,0.9581563341639608,0.005806702914343077,0.9493670886075949,0.9240506329113924,0.9367088607594937,0.9230769230769231,0.9,0.9266407010710809,0.016413363154413926,2,0.9810126582278481,0.9841772151898734,0.9873417721518988,0.9842271293375394,0.9873015873015873,0.9848120724417495,0.002357024199922489,0.9785438549241404,0.979493670886076,0.9668652271034996,0.9689918964683115,0.9790588235294116,0.9745906945822878,0.005489266211414936,1,0.999603266254908,0.999508626541253,0.9997156187762469,0.9997027491983517,0.9997156513361581,0.9996491824213836,8.193357706906604e-05,0.9010809510016541,0.9358192890064777,0.8628113069586169,0.8967368046807156,0.906529392170727,0.9005955487636383,0.02331821959020614,1,0.9974734300084155,0.9969530992937689,0.9980622206149418,0.9981510778163544,0.9981377962997455,0.9977555248066452,0.0004733117737088217,KNN | SMOTENC,,,15.0,distance
0.004767608642578125,0.00011946720832132768,0.01567068099975586,0.0003278252376208153,,,"ColumnTransformer(transformers=[('numeric', StandardScaler(),
                                 ['call_failure', 'subscription_length',
                                  'charge_amount', 'seconds_of_use',
                                  'frequency_of_use', 'frequency_of_sms',
                                  'distinct_called_numbers', 'age',
                                  'customer_value']),
                                ('binary', 'passthrough',
                                 ['complains', 'tariff_plan', 'status'])],
                  verbose_feature_names_out=False)","{'model__n_neighbors': 5, 'model__weights': 'uniform', 'prep': ColumnTransformer(transformers=[('numeric', StandardScaler(),
                                 ['call_failure', 'subscription_length',
                                  'charge_amount', 'seconds_of_use',
                                  'frequency_of_use', 'frequency_of_sms',
                                  'distinct_called_numbers', 'age',
                                  'customer_value']),
                                ('binary', 'passthrough',
                                 ['complains', 'tariff_plan', 'status'])],
                  verbose_feature_names_out=False)}",0.7227722772277227,0.7643979057591623,0.7014218009478673,0.7128712871287128,0.7395833333333334,0.7282093208793599,0.02200622540097105,4,0.7466007416563659,0.7563451776649747,0.7577639751552795,0.7715736040609137,0.7792207792207793,0.7623008555516627,0.011617354613085626,0.5934959349593496,0.6517857142857143,0.5606060606060606,0.5806451612903226,0.6339285714285714,0.6040922885140037,0.03381706415808469,4,0.6125760649087221,0.6313559322033898,0.623721881390593,0.6454352441613588,0.6593406593406593,0.6344859564009446,0.016391149247008508,0.9240506329113924,0.9240506329113924,0.9367088607594937,0.9230769230769231,0.8875,0.9190774099318404,0.016573852149080064,7,0.9556962025316456,0.9430379746835443,0.9651898734177216,0.9589905362776026,0.9523809523809523,0.9550591078582933,0.0073508447055413385,0.9645838944249934,0.9643037974683544,0.9551154132539093,0.9441370343492985,0.949735294117647,0.9555750867228404,0.008031096151370863,7,0.9745922769164289,0.971067706973587,0.9720607102630852,0.975428505608751,0.9779611078373601,0.9742220615198425,0.002457414332286815,0.7761528778660853,0.8062353696588049,0.7184973717236762,0.7206493896989348,0.8072524063124611,0.7657574830519924,0.03933601505643405,8,0.8325114644435967,0.8039412727006594,0.7945465059989876,0.8368897963769242,0.8595967073483829,0.8254971493737102,0.023513277186137105,KNN | Undersampling,,,5.0,uniform
0.004596710205078125,3.671739007344552e-05,0.01564955711364746,0.00011763515673291611,,,"ColumnTransformer(transformers=[('numeric', MinMaxScaler(),
                                 ['call_failure', 'subscription_length',
                                  'charge_amount', 'seconds_of_use',
                                  'frequency_of_use', 'frequency_of_sms',
                                  'distinct_called_numbers', 'age',
                                  'customer_value']),
                                ('binary', 'passthrough',
                                 ['complains', 'tariff_plan', 'status'])],
                  verbose_feature_names_out=False)","{'model__n_neighbors': 5, 'model__weights': 'uniform', 'prep': ColumnTransformer(transformers=[('numeric', MinMaxScaler(),
                                 ['call_failure', 'subscription_length',
                                  'charge_amount', 'seconds_of_use',
                                  'frequency_of_use', 'frequency_of_sms',
                                  'distinct_called_numbers', 'age',
                                  'customer_value']),
                                ('binary', 'passthrough',
                                 ['complains', 'tariff_plan', 'status'])],
                  verbose_feature_names_out=False)}",0.7171717171717171,0.7473684210526316,0.7009345794392523,0.7373737373737373,0.7783783783783784,0.7362453666831434,0.026498460464339683,3,0.7575757575757576,0.759748427672956,0.7587064676616916,0.7845161290322581,0.7877984084880637,0.7696690380861455,0.013520015351444021,0.5966386554621849,0.6396396396396397,0.5555555555555556,0.6083333333333333,0.6857142857142857,0.6171762939409998,0.04358707643798609,3,0.6302521008403361,0.6304801670146137,0.625,0.6637554585152838,0.6765375854214123,0.6452050623583292,0.02085426740513566,0.8987341772151899,0.8987341772151899,0.9493670886075949,0.9358974358974359,0.9,0.9165465757870821,0.02172553384779059,8,0.9493670886075949,0.9556962025316456,0.9651898734177216,0.9589905362776026,0.9428571428571428,0.9544201687383416,0.007716738260478478,0.9712721070114014,0.9667907669396872,0.9524944154877141,0.9512427431059507,0.9543088235294118,0.9592217712148331,0.008192185895036065,6,0.9772455502492159,0.971908729477932,0.9729735273714597,0.9789936574110198,0.9797831841438205,0.9761809297306897,0.003179943886383508,0.8427371985788814,0.8249632091404243,0.7226912904710441,0.7527788469452996,0.8156457291640817,0.7917632548599464,0.04596014100581508,6,0.8617383452543892,0.802349272744155,0.798528046805921,0.8623028907279764,0.8676311823090355,0.8385099475682954,0.031176451717275316,KNN | Undersampling,,,5.0,uniform
0.004792118072509765,0.00015608276545980458,0.015590286254882813,0.00030749063671464536,,,"ColumnTransformer(transformers=[('numeric', StandardScaler(),
                                 ['call_failure', 'subscription_length',
                                  'charge_amount', 'seconds_of_use',
                                  'frequency_of_use', 'frequency_of_sms',
                                  'distinct_called_numbers', 'age',
                                  'customer_value']),
                                ('binary', 'passthrough',
                                 ['complains', 'tariff_plan', 'status'])],
                  verbose_feature_names_out=False)","{'model__n_neighbors': 5, 'model__weights': 'distance', 'prep': ColumnTransformer(transformers=[('numeric', StandardScaler(),
                                 ['call_failure', 'subscription_length',
                                  'charge_amount', 'seconds_of_use',
                                  'frequency_of_use', 'frequency_of_sms',
                                  'distinct_called_numbers', 'age',
                                  'customer_value']),
                                ('binary', 'passthrough',
                                 ['complains', 'tariff_plan', 'status'])],
                  verbose_feature_names_out=False)}",0.7894736842105263,0.7724867724867724,0.7219512195121951,0.73,0.7473684210526316,0.752256019452425,0.025424546634246672,2,0.8092189500640204,0.8082368082368082,0.7964601769911505,0.824607329842932,0.8436657681940701,0.8164378066657962,0.016288504849822614,0.6756756756756757,0.6636363636363637,0.5873015873015873,0.5983606557377049,0.6454545454545455,0.6340857655611755,0.035205824613326046,2,0.6795698924731183,0.6811279826464208,0.6631578947368421,0.7046979865771812,0.7330210772833724,0.692314966743387,0.02428187387675398,0.9493670886075949,0.9240506329113924,0.9367088607594937,0.9358974358974359,0.8875,0.9267048036351835,0.021176525009219894,6,1.0,0.9936708860759493,0.9968354430379747,0.9936908517350158,0.9936507936507937,0.9955695948999466,0.0025316962760559714,0.9689978154831373,0.9682501861504096,0.9592405063291141,0.9500634978229319,0.9563823529411764,0.960586871745354,0.00720697494307749,4,0.9892630437859948,0.9858909617120309,0.9825361956692003,0.9902000126331592,0.9925040454209577,0.9880788518442687,0.0034926171431782483,0.8027959159408332,0.8404309901852196,0.7414445237212595,0.7558025695723802,0.8461589111843392,0.7973265821208064,0.04270725474174081,5,0.9000646394560101,0.8725549376109548,0.84365969393209,0.909068919304397,0.9312007378206065,0.8913097856248117,0.03034995197389901,KNN | Undersampling,,,5.0,distance
0.0045909881591796875,3.503601378032862e-05,0.015407180786132813,0.000144917519951718,,,"ColumnTransformer(transformers=[('numeric', MinMaxScaler(),
                                 ['call_failure', 'subscription_length',
                                  'charge_amount', 'seconds_of_use',
                                  'frequency_of_use', 'frequency_of_sms',
                                  'distinct_called_numbers', 'age',
                                  'customer_value']),
                                ('binary', 'passthrough',
                                 ['complains', 'tariff_plan', 'status'])],
                  verbose_feature_names_out=False)","{'model__n_neighbors': 5, 'model__weights': 'distance', 'prep': ColumnTransformer(transformers=[('numeric', MinMaxScaler(),
                                 ['call_failure', 'subscription_length',
                                  'charge_amount', 'seconds_of_use',
                                  'frequency_of_use', 'frequency_of_sms',
                                  'distinct_called_numbers', 'age',
                                  'customer_value']),
                                ('binary', 'passthrough',
                                 ['complains', 'tariff_plan', 'status'])],
                  verbose_feature_names_out=False)}",0.782608695652174,0.7619047619047619,0.7246376811594203,0.751269035532995,0.7914438502673797,0.7623728049033461,0.023673061801989463,1,0.825065274151436,0.8082368082368082,0.7964601769911505,0.8322324966974901,0.8505434782608695,0.8225076468675508,0.018810898573111377,0.6857142857142857,0.6545454545454545,0.5859375,0.6218487394957983,0.6915887850467289,0.6479269529604534,0.03975124691592457,1,0.7022222222222222,0.6811279826464208,0.6631578947368421,0.7159090909090909,0.7434679334916865,0.7011770248012524,0.0277635210645117,0.9113924050632911,0.9113924050632911,0.9493670886075949,0.9487179487179487,0.925,0.9291739694904251,0.016967729795029824,5,1.0,0.9936708860759493,0.9968354430379747,0.9936908517350158,0.9936507936507937,0.9955695948999466,0.0025316962760559714,0.9758506149564593,0.9699925539836187,0.9548622486969471,0.9554154571843252,0.962735294117647,0.9637712337877995,0.008183867831203962,2,0.9907195967844078,0.9849473754876439,0.9822704623945459,0.9911001252169003,0.9926396722507507,0.9883354464268497,0.004002924872738122,0.8712612881319699,0.8521307001852665,0.7385255769248362,0.7784893556976034,0.8531648625776375,0.8187143567034626,0.05121124969679829,4,0.9118067391524878,0.8650083207238466,0.8414603531437407,0.9171040482812505,0.9316756118455533,0.8934110146293758,0.03426230049007691,KNN | Undersampling,,,5.0,distance
0.004790115356445313,4.024415218549348e-05,0.018403005599975587,0.0002509071816557619,,,"ColumnTransformer(transformers=[('numeric', StandardScaler(),
                                 ['call_failure', 'subscription_length',
                                  'charge_amount', 'seconds_of_use',
                                  'frequency_of_use', 'frequency_of_sms',
                                  'distinct_called_numbers', 'age',
                                  'customer_value']),
                                ('binary', 'passthrough',
                                 ['complains', 'tariff_plan', 'status'])],
                  verbose_feature_names_out=False)","{'model__n_neighbors': 15, 'model__weights': 'uniform', 'prep': ColumnTransformer(transformers=[('numeric', StandardScaler(),
                                 ['call_failure', 'subscription_length',
                                  'charge_amount', 'seconds_of_use',
                                  'frequency_of_use', 'frequency_of_sms',
                                  'distinct_called_numbers', 'age',
                                  'customer_value']),
                                ('binary', 'passthrough',
                                 ['complains', 'tariff_plan', 'status'])],
                  verbose_feature_names_out=False)}",0.6816143497757847,0.6757990867579908,0.6550218340611353,0.6,0.6147186147186147,0.6454307770627051,0.032651695094587735,8,0.653551912568306,0.655982905982906,0.6825938566552902,0.6472491909385113,0.6789413118527042,0.6636638355995435,0.014299896533543625,0.5277777777777778,0.5285714285714286,0.5,0.436046511627907,0.47019867549668876,0.4925188786947604,0.03545775854753484,8,0.4991652754590985,0.49516129032258066,0.5328596802841918,0.4918032786885246,0.5324909747292419,0.5102960998967274,0.01842101939892639,0.9620253164556962,0.9367088607594937,0.9493670886075949,0.9615384615384616,0.8875,0.9394279454722494,0.02757610416642166,2,0.9462025316455697,0.9715189873417721,0.9493670886075949,0.9463722397476341,0.9365079365079365,0.9499937567701014,0.011602451342555203,0.9563246251907712,0.960565897244974,0.9527326880119136,0.9448476052249637,0.9486764705882352,0.9526294572521715,0.005528748990181832,8,0.9541465195461217,0.957810879959422,0.9639218128790195,0.9628009199912311,0.9633873034580165,0.9604134871667622,0.0038183822638028584,0.7584749436037961,0.8221452156835417,0.781099642630384,0.7283550239322364,0.8352529578318657,0.7850655567363647,0.039579161306803154,7,0.7932655134300645,0.7985176058875998,0.8162620514235777,0.8351748934628557,0.8372428888186585,0.8160925906045513,0.018118794960051615,KNN | Undersampling,,,15.0,uniform
0.004737043380737304,0.0002931990066325355,0.01839447021484375,0.00024326813969406094,,,"ColumnTransformer(transformers=[('numeric', MinMaxScaler(),
                                 ['call_failure', 'subscription_length',
                                  'charge_amount', 'seconds_of_use',
                                  'frequency_of_use', 'frequency_of_sms',
                                  'distinct_called_numbers', 'age',
                                  'customer_value']),
                                ('binary', 'passthrough',
                                 ['complains', 'tariff_plan', 'status'])],
                  verbose_feature_names_out=False)","{'model__n_neighbors': 15, 'model__weights': 'uniform', 'prep': ColumnTransformer(transformers=[('numeric', MinMaxScaler(),
                                 ['call_failure', 'subscription_length',
                                  'charge_amount', 'seconds_of_use',
                                  'frequency_of_use', 'frequency_of_sms',
                                  'distinct_called_numbers', 'age',
                                  'customer_value']),
                                ('binary', 'passthrough',
                                 ['complains', 'tariff_plan', 'status'])],
                  verbose_feature_names_out=False)}",0.7368421052631579,0.6851851851851852,0.6606334841628959,0.6488888888888888,0.6542056074766355,0.6771510541953527,0.032328447135764514,7,0.6925795053003534,0.6710526315789473,0.698961937716263,0.6926605504587156,0.7034813925570228,0.6917472035222605,0.011131359473009193,0.5923076923076923,0.5401459854014599,0.5140845070422535,0.4965986394557823,0.5223880597014925,0.5331049767817361,0.03275326113168592,7,0.551594746716698,0.5134228187919463,0.5499092558983666,0.5441441441441441,0.5656370656370656,0.5449416062376442,0.017270285284131544,0.9746835443037974,0.9367088607594937,0.9240506329113924,0.9358974358974359,0.875,0.929268094774424,0.032044107841732616,4,0.930379746835443,0.9683544303797469,0.9588607594936709,0.9526813880126183,0.9301587301587302,0.9480870109760418,0.01538129190393536,0.97291797588054,0.9625167535368578,0.954162323157111,0.9550374939525883,0.95725,0.9603769093054195,0.006910358648949265,5,0.9657337525424486,0.9634183182533584,0.9690043114058315,0.9698884937930317,0.968996642066766,0.9674083036122871,0.0024472640930498185,0.8521693311654759,0.8386942078556464,0.8086109187883608,0.8145603471029459,0.8504456548526278,0.8328960919530113,0.01810542587498361,3,0.8604907356000515,0.8347510506465496,0.8508777273313186,0.863848123065668,0.8690990699013865,0.8558133413089948,0.01209071290493684,KNN | Undersampling,,,15.0,uniform
0.0047664642333984375,6.963079809286151e-05,0.018136119842529295,0.00023992276624322485,,,"ColumnTransformer(transformers=[('numeric', StandardScaler(),
                                 ['call_failure', 'subscription_length',
                                  'charge_amount', 'seconds_of_use',
                                  'frequency_of_use', 'frequency_of_sms',
                                  'distinct_called_numbers', 'age',
                                  'customer_value']),
                                ('binary', 'passthrough',
                                 ['complains', 'tariff_plan', 'status'])],
                  verbose_feature_names_out=False)","{'model__n_neighbors': 15, 'model__weights': 'distance', 'prep': ColumnTransformer(transformers=[('numeric', StandardScaler(),
                                 ['call_failure', 'subscription_length',
                                  'charge_amount', 'seconds_of_use',
                                  'frequency_of_use', 'frequency_of_sms',
                                  'distinct_called_numbers', 'age',
                                  'customer_value']),
                                ('binary', 'passthrough',
                                 ['complains', 'tariff_plan', 'status'])],
                  verbose_feature_names_out=False)}",0.7096774193548387,0.7115384615384616,0.6909090909090909,0.672566371681416,0.6574074074074074,0.688419750178243,0.021003119506170505,6,0.7461629279811098,0.7520958083832335,0.7608695652173914,0.7682926829268293,0.7924050632911392,0.7639652095599405,0.01609309935092836,0.5579710144927537,0.5736434108527132,0.5390070921985816,0.5135135135135135,0.5220588235294118,0.5412387709173947,0.02223317041820192,6,0.5951035781544256,0.605009633911368,0.615234375,0.6262425447316103,0.6589473684210526,0.6201075000436913,0.02201391908851771,0.9746835443037974,0.9367088607594937,0.9620253164556962,0.9743589743589743,0.8875,0.9470553391755925,0.032823145713154506,1,1.0,0.9936708860759493,0.9968354430379747,0.9936908517350158,0.9936507936507937,0.9955695948999466,0.0025316962760559714,0.9694466888110842,0.9687416232315711,0.9600595681310499,0.9578495403967102,0.9596176470588235,0.9631430135258476,0.004920110867391935,3,0.9943125516871429,0.99314501391137,0.9915459522761687,0.9942063960941243,0.99579463291897,0.9938009093775552,0.0014082727918639482,0.8246874899010569,0.8732106409056298,0.814668431112099,0.794480821569975,0.8808945546381628,0.8375883876253847,0.03374726314825115,2,0.9480575757775115,0.9390476671617826,0.9198101488639681,0.9493768810216757,0.9655222001366708,0.9443628945923216,0.014950557886129916,KNN | Undersampling,,,15.0,distance
0.004599571228027344,1.9322792563326125e-05,0.018034982681274413,0.00012822047446311123,,,"ColumnTransformer(transformers=[('numeric', MinMaxScaler(),
                                 ['call_failure', 'subscription_length',
                                  'charge_amount', 'seconds_of_use',
                                  'frequency_of_use', 'frequency_of_sms',
                                  'distinct_called_numbers', 'age',
                                  'customer_value']),
                                ('binary', 'passthrough',
                                 ['complains', 'tariff_plan', 'status'])],
                  verbose_feature_names_out=False)","{'model__n_neighbors': 15, 'model__weights': 'distance', 'prep': ColumnTransformer(transformers=[('numeric', MinMaxScaler(),
                                 ['call_failure', 'subscription_length',
                                  'charge_amount', 'seconds_of_use',
                                  'frequency_of_use', 'frequency_of_sms',
                                  'distinct_called_numbers', 'age',
                                  'customer_value']),
                                ('binary', 'passthrough',
                                 ['complains', 'tariff_plan', 'status'])],
                  verbose_feature_names_out=False)}",0.7761194029850746,0.7184466019417476,0.7136150234741784,0.6854460093896714,0.7035175879396985,0.7194289251460741,0.030517489753071756,5,0.7939698492462312,0.7476190476190476,0.773955773955774,0.7944514501891551,0.8087855297157622,0.783756330145194,0.02119960606389574,0.639344262295082,0.5826771653543307,0.5671641791044776,0.5407407407407407,0.5882352941176471,0.5836323283224556,0.032362964763207866,5,0.6583333333333333,0.5992366412213741,0.6325301204819277,0.6617647058823529,0.681917211328976,0.6467564024495928,0.028481825038012033,0.9873417721518988,0.9367088607594937,0.9620253164556962,0.9358974358974359,0.875,0.939394677052905,0.03735555783500097,3,1.0,0.9936708860759493,0.9968354430379747,0.9936908517350158,0.9936507936507937,0.9955695948999466,0.0025316962760559714,0.9795912260226831,0.9698138495904691,0.961891288160834,0.9644412191582002,0.9695,0.9690475165864374,0.006072748923928808,1,0.9949635302970474,0.993715641153786,0.9922135488538971,0.9946624902929035,0.9959667386891902,0.9943043898573649,0.0012684121426079695,0.8934796425286948,0.887472969335351,0.8429448604326402,0.866983836271014,0.8937879412699234,0.8769338499675247,0.019611990538032583,1,0.9522368478622449,0.9447704758570961,0.9253405210869843,0.9526852667904304,0.9660595820977103,0.9482185387388931,0.01333937123815268,KNN | Undersampling,,,15.0,distance
