PC1,PC2,cluster
-2.419263328428055,0.018711852928789567,1
0.736314498456447,3.0191352033049847,0
-0.04386075248697405,-0.12564362126670836,1
-0.7614506626166093,0.07717275383131335,1
0.2223892705656249,-0.554148869781601,1
-0.16459131323195655,2.5357587690395302,0
2.1213678182058424,-0.5612533320896553,2
-0.05842157284684189,-0.683166640705216,1
-0.3352646822529031,-0.34369932690642224,1
4.22472511774344,-1.005633201896973,2
0.5615994056713478,4.550993330289782,0
-2.151959104645344,-0.10474900675370677,1
-2.653402570303684,-0.037337885404031004,1
1.9150109878947579,-1.3876553655154755,2
0.9494742846717699,0.6348622754015025,0
-0.5643811696918238,-0.8556456018009424,1
3.3132945189344793,-3.2963337948026394,2
0.5906452093657277,-0.4299135191279862,1
-0.6731471409539822,-0.4160676748539495,1
-2.5771197519771314,-0.22469794050841974,1
-1.9229800759325397,-0.22398614308618203,1
-0.019980862370158604,-1.4620214307913872,1
-2.395036453416456,-0.7048112038791894,1
-2.1727238092426675,-1.1478531188798924,1
5.415426917136723,-1.620352055470294,2
2.2230948135041233,2.2049881256335278,0
-0.5842258798124422,-0.21930873826701697,1
-1.3080231612672664,-0.08126452045576603,1
-0.16180343460307445,1.5703191706477369,0
-0.67151711194507,1.76212163818111,0
-0.1923672681723811,-1.0950975224234556,1
-1.7096876697757213,-0.3958946037160483,1
-2.4433318591249704,-0.5938139048046587,1
-1.3586011130213678,-0.24784837431898404,1
-1.767412577705449,0.13452497829057736,1
1.6747364276631744,-0.05055608109056739,2
1.52234764963304,-0.9357857258752479,2
-0.5777279195070256,1.7960505139061487,0
-1.978770698421664,-0.4917835000115679,1
-0.03415102566629505,-0.6851620185380639,1
-1.813347798580943,-0.3111369465056151,1
0.45090252397806646,-0.32080997210735857,1
-0.2742312474264691,-0.49917527471764256,1
2.8398430872205167,0.17598112270177774,2
2.611273692037688,-0.7661067024322782,2
0.43148430098500384,-0.8880200110478391,1
0.15464119157894252,-0.5485526972490454,1
-0.39652516734419535,-0.7250226840674153,1
4.7146309915752855,-1.210486572239596,2
1.0515052795031938,4.346139959947158,0
3.3499093640646653,1.191522201700339,2
1.2336331296703624,1.1962300078955774,0
-1.5469536166219076,-0.253344130003711,1
-1.4788478864869927,-0.3512252878965285,1
-2.0594307191297023,-0.2089264149740851,1
2.655576563317773,3.2336867018496522,0
1.4409992927146806,0.433237911559537,2
3.7951047217110006,-3.5173321976485505,2
-1.130282210108307,-0.45317459861193277,1
-0.4586049821356813,-0.6755663239266935,1
-0.06976078714161077,-0.5678918046046113,1
-1.436124644594571,-0.9841286113715656,1
0.4618293404063626,-1.6830198336372981,1
-1.7854738653878246,-0.8433289468117743,1
-1.6909136064661465,-1.3688515217258037,1
5.86685779787502,-1.8447595516562658,2
2.609136986431573,1.608943681864723,0
-0.10035239752372521,-0.6192609387773219,1
-0.2355303148223244,1.2666699931904322,0
0.29268120302626993,-1.3096379122680517,1
-1.1057910248596352,-0.7297696243999408,1
-1.8448029079457933,-0.7553250540572936,1
-0.8670761049784576,-0.4494727381609495,1
-0.5680794483450798,-0.5295869478669443,1
2.166261435706085,-0.2521804449325327,2
1.9207476314758822,-1.689264547970047,2
0.08101845807113646,-0.8971801071155636,1
-0.08782204567517982,1.5911971435635253,0
-1.499898461439272,-0.7196302766742406,1
-0.7915992913403551,-0.21658898945031313,1
-2.544992905592052,-0.023758452551555204,1
0.5650343807044016,3.4748287618547513,0
-0.30469802999815,-0.02064853541244689,1
-1.02695844022611,0.17011052916883135,1
-0.26751660326622084,-0.349295499438978,1
-0.4392531885032363,2.6022116323287907,0
1.860031339556825,0.5856878633870238,2
-0.5369042603978494,-0.44730316092709027,1
-1.2856070332773006,-0.5297390973475432,1
3.7348192439115944,-0.8007798315543498,2
2.58210334653941,1.4563704223309069,2
-2.2572120857778692,-0.09266811755558708,1
-2.307981834679056,0.012357074166654818,1
-2.6772996697893032,-0.04141312805924408,1
1.5184273216564637,-0.4474857479420958,2
2.8611531595796227,-2.5808931831602324,2
0.11015383817227128,-0.20529574896597091,1
-1.7754436938644709,-0.2006476241001765,1
-1.332438391295019,-0.2658152469152097,1
-0.947809016225262,-0.3496148115646894,1
-2.078235685856858,-0.17631253891704884,1
-0.4683353046858206,-0.8081657755108378,1
-2.5032558568867396,-0.7113720770368537,1
4.904284377820671,-1.3869596292938702,2
1.7315698054612128,2.4066124894754934,0
-0.43808444408541913,1.6335430274363392,0
-0.46217174081046614,-1.0189576396322229,1
-1.985968679258066,-0.33267074692744575,1
-2.5736185362941626,-0.6463615906024229,1
-1.6348821225037125,-0.18462451753038162,1
-1.9935097764150114,0.1625174476561974,1
1.2555033939109999,0.6613758083385768,2
1.2525431769949549,-0.859645843084015,2
-0.898793289592555,-0.48747336643031747,1
-0.048451248555161225,-0.5711657572733161,1
-2.167406136860355,-0.13476282509951554,1
1.2119201493994267,2.928278094227109,0
-0.28703887590051697,-0.38220236270006847,1
0.6979949215086044,-0.6450059788594763,1
0.31101433771102294,2.4449016599616553,0
2.8255428643316507,0.28997738396652556,2
2.596973469148822,-0.6521104411675305,2
0.4171840780961378,-0.7740237497830914,1
0.14034096869007645,-0.4345564359842976,1
-0.7395498687741532,-0.5256551563412657,1
4.7404248959910325,-1.0737071786308414,2
3.337101735590617,1.308495113717913,2
1.2193329067814962,1.3102262691603253,0
-1.8884857236370474,-0.05099995152473506,1
-1.8218725879169506,-0.151857760170379,1
-2.389929189295388,0.016411169824940806,1
2.6412763404289064,3.3476829631143996,0
2.381281452960088,-1.497129446353803,2
1.428191664240633,0.5502108235771113,2
-0.3060313944172481,-0.9951830036415927,1
1.080396225784045,-0.49157156463232754,2
-0.41278548857156866,-0.36852427687846173,1
-2.3167580995947175,-0.1771545425329321,1
-1.4549026507278917,-0.8790623023652971,1
0.440066145443405,-1.5839068261366829,1
-1.7126768014291038,-1.2697385142251882,1
5.854050169400972,-1.7277866396386918,2
2.690778556223532,2.0973432674890864,0
-1.0476615088848527,-0.033721122480278365,1
0.3169139449657883,1.4856677188233454,0
-0.19279973237620726,1.6774701863567192,0
-1.448815726289593,-0.5304020966737912,1
-2.1923053926202063,-0.5648874785896233,1
-0.8798837334525054,-0.33249982614337537,1
-0.582379671233946,-0.4155906866021965,1
-1.2886951981365862,0.04987352646618613,1
1.8989844365129243,-1.5901515404694315,2
-0.10212226856404594,1.705193404828273,0
-0.7583150668348348,-0.27901070678942275,1
-2.6772996697893032,-0.04141312805924408,1
-0.27152308986211554,-0.08328819635195617,1
-0.9937835000900758,0.1074708682293219,1
-0.25321638037735467,-0.4632917607037257,1
-0.42495296561437007,2.488215371064043,0
1.874331562445691,0.4716916021222761,2
1.8990834534262229,-0.5054296986134672,2
-0.5035653937075864,-0.5096159064660001,1
-0.5726173852987988,-0.1540588091636812,1
0.08599375472836836,4.641850439367657,0
2.5949109750134576,1.3393975103133327,2
0.2681216048955368,1.491940487316076,0
-2.3242954828179143,-0.0846270600487319,1
-2.345358016977791,-0.06938445042793714,1
2.029118344003199,3.8209756166783073,0
1.53272754454533,-0.5614820092068437,2
-0.8168209138506666,-0.8864012507098644,1
2.894655952824114,-2.642879013298543,2
0.11192782979686486,-0.34526206730359504,1
-1.3295788964196413,-0.5839422953264015,1
-0.9224751564869418,-0.4406176665093873,1
-2.718707729569712,-0.24267679690878213,1
-2.1452644407121593,-0.1681625096099939,1
-0.44955729855249965,-0.9132320845171064,1
-2.6912604138278335,-0.7361555862287382,1
-2.566837481252358,-1.0274411427301144,1
4.937568602326191,-1.44938134663298,2
1.7443774339352607,2.289639577457919,0
-0.8149367071703832,-0.18577588201044543,1
-1.56838481364968,-0.12880791843125367,1
-1.1502344915139326,1.8467730900055015,0
-0.44339373467714527,-1.124023948638491,1
-1.9731610507840178,-0.44964365894502006,1
-2.7783513796113537,-0.6617547459952959,1
-1.6220744940296647,-0.30159742954795576,1
-1.3107315170387803,-0.3516035692094737,1
-2.030885958713746,0.08077592306160555,1
1.2713211831282758,-0.9647121520902834,2
-0.8844930667036891,-0.6014696276950652,1
-1.053333570450005,1.8869076229840238,0
-2.4162990617618494,-0.29755935948201667,1
0.8287736861995696,-0.2911730984715318,1
0.09669748142822993,-0.4833835550650973,1
1.0797526565687676,-0.7501330974633195,2
0.692772072771186,2.339774541357812,0
3.207300599391814,0.1848502653626824,2
0.7989418131563008,-0.8791508683869345,1
0.5220987037502396,-0.5396835545881408,1
-0.36882577056344423,-0.6537756812651586,1
5.082088503746584,-1.2016174295786912,2
3.7208380929193643,1.2073139213528843,2
-1.5047493663083005,-0.15218114388976395,1
-1.4401148528567875,-0.25698487877422216,1
3.0230340754890697,3.2425558445105565,0
2.7571033212145,-1.6140943436740889,2
1.8119280215693798,0.44902963121208245,2
0.0757263406429151,-1.1003101222454357,1
4.156239787314741,-3.5200825336258,2
1.4641325831127916,-0.5927527569973564,2
-0.7628246979370101,-0.44430545595102816,1
-0.4309055853549302,-0.6043193211244368,1
-0.079166626131527,-1.1188594346636265,1
-1.0790807824734798,-0.9960271996855832,1
0.8119307691606492,-1.7087635759345974,2
-1.7571544818078257,-0.7698562686643899,1
-1.3408121777118598,-1.3945952640231027,1
6.226752889880266,-1.8519612383237707,2
2.9765944986028705,1.6178128245256276,0
0.26710511464757186,-0.6103917961164174,1
-0.6659037738246897,-0.13884824108412142,1
0.7006503022945352,1.3844865264583166,0
0.13192719734897265,1.275539135851337,0
0.6239882322575462,-1.7390000523990075,1
-1.06705799122943,-0.6355292152776342,1
-1.8164835243657942,-0.6818523759099092,1
-0.4961473761237583,-0.4336810185084041,1
-0.20062193617378282,-0.5207178052060396,1
-0.9175799294691737,-0.2595462010274599,1
2.537190164560784,-0.2363887252799874,2
2.2708490602301685,-1.715008290267346,2
-1.1215748281321092,-0.12327831974592939,1
0.1941056518497024,3.4590370422022056,0
-0.6358641912364069,0.07028769611916194,1
-1.257756979918802,0.19058398585447528,1
-0.6252404348541751,-0.15568440630813973,1
-0.7565268899017511,2.558111102244904,0
1.5363643621674565,-0.34861906428378603,2
-0.8662844849663527,-0.352805272136319,1
-1.615376807277188,-0.4432579116722249,1
-0.24558016955901252,4.711746170548517,0
-0.013268508619061235,1.5266048310739542,0
-2.486820001024059,-0.06982022269716807,1
-2.5703523035756013,-0.05207694246046968,1
-2.7250938687605415,-0.04956361336967015,1
1.745749608220017,3.8516940341973718,0
0.08702054777416021,0.8206949195909226,1
-1.2115909080288674,-0.8082134646648854,1
-0.27180852753188195,-0.24408087493856617,1
-1.315266528396559,-0.3584839542255941,1
-2.7315711922058767,-0.22375863324394535,1
-2.6180907122253507,-0.17072939265198406,1
-0.7220665878391123,-0.8581138662691936,1
-2.726191150162907,-0.7632242352040012,1
-2.6017682175874315,-1.0545097917053774,1
4.574308841028916,-1.2936489595894867,2
-1.0276450361493106,-0.1357376572358992,1
-1.8497749271642785,-0.09414357467337538,1
-0.8090131729401183,1.617751307783794,0
-1.483787038069897,1.9127228949475479,0
-0.7690317921587746,-1.0422904387411878,1
-2.3364208120812924,-0.2939112719015267,1
-2.0058108513584116,-0.20041623718292695,1
-2.2640708837241457,0.07626295315768725,1
0.8776322316894964,0.6317389347027498,2
0.895499314873864,-0.8477472547699973,2
-1.2845398731918212,1.8863405793189196,0
-2.6915979008047732,-0.05495287004288334,1
-0.13492425278575068,-0.47209843696387166,1
-2.0264265167709907,0.03430920514232498,1
1.1254471451688373,3.027345414536554,0
0.3563843890594389,-0.09527198708924045,1
-0.36120552107019643,0.10754438800878131,1
0.6115219172780151,-0.5459386585500318,1
0.2245413334804336,2.5439689802711,0
2.739069860101061,0.38904470427597015,2
0.3307110738655483,-0.6749564294736469,1
-0.6107788744441767,-0.5649883430851842,1
0.9507320523837381,4.5592035415213505,0
3.2512211676788185,1.4087439177558398,2
-1.7591222929882797,-0.0891516545401713,1
-1.693101593586974,-0.19119094691429744,1
-2.2605657586466203,-0.021740533190495535,1
2.68542853666856,3.8903220241208154,0
-0.17154435803475948,-0.840048249587407,1
3.654845850468339,-3.3248490145048586,2
-1.5338474292201496,-0.21577593185461286,1
0.3506309596188601,-1.4907469244696492,1
-2.0059826646886343,-0.6957690092734691,1
-1.8021119872536489,-1.1765786125581548,1
5.75713596463972,-1.6505312419208151,2
2.615931625161188,2.220585477847063,0
0.23103337705398996,1.5859165228612722,0
0.18565288370598643,-1.1090487341377853,1
-1.3168508581186567,-0.38029725150251276,1
-0.9657643013643036,-0.23225102210544862,1
-0.6688526754645354,-0.3165233662927519,1
-1.3745757660483844,0.15012233050411278,1
2.067573239320239,-0.034958728877031886,2
1.9003678015114067,-0.9497369375895774,2
-0.01975476904831917,-0.6841165255413714,1
-0.8903431736488546,-0.4264986405560045,1
-2.665351120046494,-0.03937550673163754,1
0.34718185174405686,3.010924992073415,0
-0.39740089305014065,-0.035442150276740615,1
-1.1196613032781004,0.15531691430453748,1
-0.5537239599443469,2.5275485578079615,0
1.9608045666762808,0.3726242818128315,2
1.7741201878565256,-0.45575980872438104,2
-0.41328466071671754,-0.5983465236302771,1
-0.7091664139241759,-0.3105627255573212,1
-1.3776209815881189,-0.5503986561128199,1
3.8355924710310503,-1.013843413128542,2
0.17246675895895755,4.542783119058212,0
2.46554754436469,1.377549213328769,2
0.3545946091261264,1.3928731670066312,0
-2.3993797834876047,-0.07079650552058496,1
-2.4713668870117544,-0.20761136937743596,1
-2.7002818563815674,-0.0664441557069004,1
1.8997549133544316,3.8591273196937435,0
-0.9572179813488882,-0.871242954014478,1
2.937319971792341,-3.1927077852229253,2
0.19780839770866324,-0.4455108713415217,1
-1.9172519035166873,-0.1780590923270179,1
-1.443508525139884,-0.5112789991172655,1
-2.695725542977448,-0.21764576926112572,1
-0.3905926843591774,-1.433295937113125,1
-2.6793118640850238,-0.7341179649011317,1
-2.554888931509548,-1.025403521402508,1
5.027544489444284,-1.5387199117352137,2
1.8302580018470591,2.189390773419992,0
-0.9402048186128565,-0.1367139400593163,1
-1.6971558079796567,-0.08947473168733522,1
-0.554640246260139,1.554721818434201,0
-1.0643539236021342,1.7465242859675747,0
-0.5703874200507485,-1.0811463107091261,1
-2.0984291622264912,-0.4005817169938909,1
-2.769347787290778,-0.668333220441281,1
-1.7514379246784324,-0.26344572653251946,1
-1.4356947826084776,-0.3019336793203876,1
1.1443274977546722,-0.9218345141609183,2
-0.7980200624730993,-0.7005369480045098,1
-2.326018328770981,-0.38628997664629366,1
0.7138189073571654,-0.7838801519657883,1
-1.6093463426591401,-0.1860833064185748,1
1.2173961576293586,-0.3825866652673466,2
0.4799132524729352,-0.5855795947227882,1
1.4602650774209314,-0.8577203735519486,2
1.0732844936233497,2.2321872652691828,0
3.6279071475485907,0.10004612161805991,2
3.359243625061149,-0.8648248358600026,2
1.1794542340084644,-0.9867381444755637,2
0.9026111246024031,-0.6472708306767698,2
-0.1925237114223925,-0.5999690439803749,1
1.7994752125266544,4.247421826519434,0
4.104053863964069,1.1051178816951932,2
1.9816030626938228,1.097511874467853,0
-1.336777593824161,-0.1159766764940919,1
-1.8382210594825013,-0.04856555514441607,1
3.4035464963412334,3.134968568421927,0
3.129505691489038,-1.7378553290555323,2
2.195143792614085,0.34683359155439136,2
0.24099476293451277,-1.069496891280702,1
4.523235457204195,-3.65462599186912,2
1.8473483541574967,-0.6949487966550474,2
-0.38231227708484655,-0.5518927320396573,1
-0.2656371630633326,-0.5735060901597029,1
0.13424066878019209,-0.44283816451757096,1
-1.7697319422429565,-0.2514684301720413,1
-0.7066784121989417,-1.1197881850670266,1
1.178926439050104,-1.843307034177917,2
-1.5999961100938533,-0.7552167469924705,1
6.621002297774425,-1.9311638716614115,2
0.6476175354997354,-0.7179790722050465,1
-0.5116689883825463,-0.1310284164394374,1
0.574152395997245,1.474092954333999,0
1.0221274354218988,-1.4452974859635126,2
-0.11293160507905303,-0.5358770581660951,1
2.6378447301196233,-1.8495517485106658,2
0.828988391094597,-0.9958982405432881,2
0.6601478873482806,1.4924790101358005,0
-0.7519285284158117,-0.8183484101019651,1
-1.2649746853784818,-0.09402135352744394,1
-2.6295054708180654,-0.03326264274881792,1
0.026133879365562957,3.422832574806533,0
-0.781219663515682,0.09564461896207528,1
-1.4532962629708597,0.251172296120371,1
-0.8002425377291154,-0.3889778730646165,1
-0.9719791229661313,2.562529258703152,0
1.1120614065333647,0.6844059968147485,2
1.3939423124375352,-0.3174120763775145,2
-1.0087065346962738,-0.32159828423004744,1
-0.6415913384826097,-0.09616916715668929,1
-1.7577988570071093,-0.41205092376595337,1
-0.12061021845463099,4.617308996030665,0
-0.2287207416834413,1.5310229875322028,0
-2.5694090092126065,-0.044077349376773794,1
-2.653402570303684,-0.037337885404031004,1
1.5275940249630953,3.850720954224682,0
1.023778674796363,-0.3838010901160586,2
-1.3480524476320803,-0.766873331062043,1
2.178826245939739,-2.3073760770873064,2
-0.43978030001602136,-0.28028534233423813,1
-2.0754828059012693,-0.1454796101747236,1
-1.8236864005588744,-0.37293126677039906,1
-1.4695013138387025,-0.36630377887027815,1
-2.6598798937490193,-0.2115329052783062,1
-2.208063705809275,-0.17057219047964645,1
-0.9117390257924622,-0.7858254258765811,1
-2.6434662148565953,-0.7280051009183122,1
-2.5190432822811197,-1.0192906574196883,1
0.9774253055618081,2.493016809480639,0
-2.0652271602286585,-0.08972541821512701,1
-0.9769849454242577,1.5815468403881217,0
-1.580363269837975,1.8764443396262507,0
-0.976373974645529,-1.0216985729901247,1
-2.21234609605221,-0.3423263514499777,1
-2.762951712284691,-0.7483813141943774,1
-1.7155050364819031,-0.23404872181948583,1
-2.3120153748966863,0.0258622076969472,1
0.7042537588202734,0.5847519944452018,1
0.7383409431598917,-0.862386776441917,2
-0.8191477379186781,1.6930480738249658,0
-2.6148154555517533,-0.24543857675603287,1
-0.013336077508692788,-0.3190692639647958,1
-2.1212573289644325,0.1403270745290548,1
1.247035320445895,3.1803745875356295,0
0.49551270563895666,0.09273713377397524,1
-0.24548455476777076,-0.11726440304168591,1
0.733110092555073,-0.39290948555095606,1
2.860658035378119,0.5420738772750459,2
2.6320886401952905,-0.4000139478590103,2
-0.7154683345771389,-0.2965520693527953,1
4.735445939732887,-0.8443938176663278,2
3.3786560567233637,1.5734330733762958,2
1.2544480778279647,1.5623227624688458,0
-1.8469314025043013,0.21393800813364744,1
-1.7867574168704823,0.1002387331381413,1
2.676391511475375,3.5997794564229197,0
2.3970791737477235,-1.283557352094869,2
1.469745985373379,0.8151487832354937,0
-0.2709162233707796,-0.7430865103330722,1
-1.1094672619507047,-0.0870818440386648,1
-0.7775481493686249,-0.24709570921207347,1
-1.4391049299402565,-0.6654902081063633,1
0.4429855660584847,-1.3960176645774733,1
-2.117178629274602,-0.43931927708517027,1
-1.709757380814024,-1.0818493526659787,1
5.935698617838332,-1.4400655476363027,2
2.6409855714386303,1.998029842758041,0
-0.07953744936612292,-0.25316818420405396,1
-1.0723153680953559,-0.45002645572192423,1
0.3584682660985345,1.750605678481728,0
-0.2147153666647222,1.6327627477637006,0
0.2550430291553821,-1.4262541410418834,1
-1.4137005552431248,-0.2783056033652709,1
-0.8383294123197592,-0.06756186648499284,1
-0.5472645001874776,-0.16349419329367626,1
-1.2642224934828685,0.09767741088490352,1
0.14192753353335202,-0.5083042201982888,1
-0.06700709751757772,1.9572898981367932,0
-1.4680498764322156,-0.3305441157809228,1
-0.7097723654291026,-0.30392340986256117,1
-2.6414540205608747,-0.03530026407642446,1
0.5362876880457033,3.0929178901787946,0
-0.2830583986581742,-0.521803558331551,1
-0.4600681366608387,2.2361188777555223,0
1.8392163913992228,0.21959510881375588,2
1.947738315105901,-0.5301187227283006,2
-0.4549105320279082,-0.5343049305808335,1
-0.5240746838930667,-0.17897151223681962,1
-1.2040028543387435,-0.6247575701167394,1
0.0508785836819,4.389753946059137,0
2.5533566538807113,1.0744595506549501,2
0.23300643384906852,1.2398439940075556,0
-2.3259365921849646,-0.07430837569888786,1
-2.309101273190942,-0.12702787030815427,1
-2.6763847568959482,-0.06236891305168743,1
1.5775746774647286,-0.5965077364668447,2
0.42920258397016103,0.4545757675675113,1
-0.7928501276827011,-0.9767753873971601,1
2.983741422630243,-2.644113868194455,2
0.09494542390188568,-0.54473859334782,1
-1.7938175870400948,-0.21718661890795504,1
-1.278026379058399,-0.41978402939027926,1
-0.9575903275334101,-0.6927141598179075,1
-2.6772996697893032,-0.04141312805924408,1
-2.096609579032481,-0.19285153372482744,1
-0.4123457857399204,-0.9717144548513915,1
-2.5419342846188786,-0.6770134816539575,1
4.986111303731923,-1.4742940497061183,2
1.7028231128025144,2.0247016177995363,0
-0.7663940057646512,-0.21068858508358385,1
-1.6034999846961484,-0.380904411739774,1
-0.4668311367441175,1.2516321557603822,1
-1.191788812646679,1.5818351303471188,0
-0.45330154062031214,-1.3203638513502418,1
-1.9246183493782858,-0.4745563620181584,1
-2.629129774177257,-0.7556575619085635,1
-1.610389665480583,-0.4247022830423303,1
-2.056059003021314,-0.14052108085400528,1
1.2108932122501095,0.2478287024572428,2
1.2555234623406404,-1.1782842463492174,2
-1.0884487414964736,1.6348111296755032,0
-2.3801630596473315,-0.16513518531355031,1
-2.174966109217364,0.030223577699432153,1
0.9774741059011135,3.024389652600996,0
0.20671169025576616,-0.10161734554680303,1
0.07656829421271003,2.541013218335542,0
2.591096820833337,0.3860889423404122,2
2.3625274256505095,-0.5559988827936438,2
0.18273803459782467,-0.6779121914092048,1
-0.09410507480823659,-0.338444877610411,1
-0.7697855505613543,-0.590937511340792,1
4.465884725188107,-1.0003787526009615,2
0.8027590131160143,4.556247779585793,0
3.1026815752324457,1.404658290312947,2
-1.8410746328546974,-0.1941467088498553,1
-2.4091053510929936,-0.025826160633388308,1
2.5368889442221874,3.8862363966779223,0
1.193771503882461,0.6463740001721451,0
3.509705577093864,-3.322155448903742,2
0.8459760654258729,-0.39540838803729367,2
-1.379028476495486,-0.24306677897329837,1
-0.8318653653528404,-0.5414811512000701,1
-0.4319875335093158,-0.4108132255579382,1
-2.3359601445324647,-0.21944349121240853,1
0.20549068624438516,-1.4880533588685327,1
-2.152256044420409,-0.6953351746870223,1
5.619630009042801,-1.631623463043658,2
2.467392032714814,2.2164998504041704,0
-0.3399286606017511,-0.20779701349637442,1
-0.43825352958383307,1.750639956631703,0
-1.4653904505650301,-0.3843828789454057,1
-2.2115850869783777,-0.6073312819325415,1
-1.114303893810677,-0.23633664954834144,1
-0.8168257147322591,-0.31947912822830987,1
-1.523115358494758,0.14603670306122007,1
1.9188970817744655,-0.03907755405507658,2
-0.1678614975109829,-0.687099749854176,1
-0.33656831206235915,1.8013049632021596,0
-1.7377447801719375,-0.48655651309280323,1
-0.7499855919016898,-0.44421628491078174,1
0.49515489101178056,3.0138807540089734,0
-0.979329604671077,0.137547651728613,1
-0.018770336879041612,-0.5594033190776123,1
-0.40575092067662316,2.5305043197435193,0
2.108777605944004,0.3755800437483895,2
1.9144777696036905,-0.47347745307915834,2
-0.2729270789695527,-0.6160641679850543,1
-0.568808832177011,-0.32828036991209836,1
-1.237263399840954,-0.5681163004675971,1
3.983565510298774,-1.0108876511929843,2
0.32043979822668117,4.5457388809937695,0
2.6140871368110634,1.3816348407716619,2
0.50256764839385,1.3958289289421892,0
-2.2590308294538204,-0.08853135594907809,1
-2.653402570303684,-0.037337885404031004,1
2.048294505800805,3.863212947136637,0
1.6832642157481652,-1.3741379883875926,2
0.7051770654610787,0.6233505506308599,0
-0.7976447520530607,-0.8441639202515353,1
-1.7768943217695223,-0.19577673668179507,1
-1.3141845802421734,-0.5519900497920927,1
-2.6598798937490193,-0.2115329052783062,1
-2.0796863137619095,-0.17144165149866747,1
-0.24545241098470233,-1.4359895027142418,1
-2.5153819671680293,-0.7387631952772215,1
-2.303799283720554,-1.1576911644730514,1
5.167893443478068,-1.5564547621637066,2
1.9787975942934324,2.193476400862885,0
-0.7998558645790722,-0.15444879048780924,1
-0.40610065381376576,1.5588074458770942,0
-0.9158143311557613,1.7506099134104676,0
-0.42411404031897393,-1.081580145295573,1
-1.9539848889864124,-0.40740632848669095,1
-2.55039513942823,-0.6578203975924622,1
-1.6028983322320591,-0.2593600990896266,1
-1.2953372008613127,-0.3196513236751649,1
-2.01170979691614,0.12301325351993479,1
1.430302643353083,-0.062101003596361976,2
1.2904758160048873,-0.9222786050508961,2
-0.6501807124003159,-0.6976086484461985,1
-0.8188875269516922,1.7907960646101373,0
-2.1857944362187562,-0.4040350833783176,1
-0.7692815886215678,-0.2589766659937121,1
0.5750661258043055,3.399710368504273,0
-1.0043128843988656,0.1283766834266311,1
-0.2442799608995722,-0.215011080006072,1
-0.42852259861951597,2.5284869309492897,0
1.8707619294405455,0.5119631620075227,2
-0.5147504842332908,-0.4900177528710886,1
-0.5835839070855319,-0.1340247683679705,1
3.7455498337953146,-0.8745045329338509,2
2.5921350916393138,1.3812520289804289,2
0.26455197189039137,1.5322120472013225,0
-2.285078193831865,-0.09982440667600367,1
-2.3481339003519346,-0.027529931760840662,1
-2.713145319017732,-0.047525992042063606,1
2.0263424606290554,3.862830135345404,0
1.529157911540184,-0.521210449321597,2
0.4679810217287631,0.7613682458929902,0
-0.8306304340742647,-0.8675401383628178,1
2.8828151560814956,-2.6245885213060296,2
0.12018558327217506,-0.28041414231644857,1
-1.3334402830445695,-0.36392704658573727,1
-0.9370784263415416,-0.4233395129441906,1
-2.736127505609996,-0.07255701968972003,1
-2.1062657204650814,-0.18379574343806482,1
-0.45550818045065017,-0.8777094009774096,1
-2.5406125434243516,-0.745684315080443,1
-2.4823156254687953,-0.6955828149704303,1
4.926602080539459,-1.4293473058372692,2
1.7416015505611167,2.3314940961250157,0
-0.8259032289571163,-0.16574184121473473,1
-1.5719544466548259,-0.08853635854600721,1
-0.4493446165752956,-1.0885012650987944,1
-1.9759369341581619,-0.40778914027792357,1
-2.59994158598232,-0.6576804223259621,1
-1.3219166075644848,-0.3320054156145623,1
-2.03366184208789,0.12263044172870209,1
1.2639951325349494,0.5834253625951835,2
1.2652452397485654,-0.9291997248541174,2
-0.8881963889037747,-0.5612255301870653,1
-1.0569032034551509,1.9271791828692706,0
-2.4287752110897425,-0.0972282328598034,1
-2.152802867005755,-0.1520409786647121,1
0.7015645545137503,-0.685277538744723,1
0.05745599688134627,1.3426393372782344,0
2.600543102153968,-0.692382001052777,2
0.42075371110128346,-0.814295309668338,1
0.14391060169522207,-0.4748279958695442,1
4.703900401691565,-1.1367618708600948,2
0.6065801540776241,3.004753647659944,0
3.339877618964761,1.2666405950508166,2
1.222902539786642,1.269954709275079,0
-1.8857098402629033,-0.09285447019183155,1
-1.8183029549118048,-0.19212932005562555,1
-2.560897267939281,0.06013213271954494,1
2.6448459734340526,3.307411403229153,0
2.387232334858239,-1.5326521298934999,2
1.430967547614777,0.5083563049100148,2
3.7919135447576515,-3.4275825498038826,2
1.0618341540781373,-0.7590484882388642,2
-1.1410127999920274,-0.37944989723243155,1
-0.7980600505604935,-0.5164703560857904,1
-0.4490376124877883,-1.0374172208830374,1
-2.313188466589572,-0.21742610241817867,1
-1.448951768829741,-0.9145849859049939,1
-2.1270254681640868,-0.6884140548838009,1
-1.7051384202689501,-1.3020952802011851,1
5.856826052775117,-1.7696411583057883,2
-1.0821622069848404,-0.6991212335205548,1
0.31968982833993237,1.443813200156249,0
-0.25729454155549897,1.3174012882498833,0
-1.4452460932844473,-0.5706736565590378,1
-2.186354510722056,-0.6004101621293201,1
-0.8771078500783613,-0.37435434481047175,1
-0.5788100382288004,-0.4558622464874431,1
-1.2957680315241913,-0.19469064230886335,1
2.1560931255067812,-0.1770952493172071,2
1.9064035080004387,-1.622507092033149,2
0.07015417899247584,-0.8234828681133091,1
-0.09855263555890029,1.6649218449430263,0
-1.5107627405179327,-0.6459330376719863,1
0.28426362122763243,-0.5649683689393946,1
1.4799036302574706,2.7587515290931814,0
0.7128511313657176,-0.3598568573568403,1
0.9659784023666483,-0.8145325439934037,2
0.5789978185690668,2.275375094827728,0
3.0935263451896944,0.1204508188325982,2
2.8649569500068663,-0.8216370063014578,2
0.6851675589541817,-0.9435503149170187,1
0.4083244495481204,-0.604083001118225,1
-0.4715663879161093,-0.6951817214751931,1
1.3051885374723713,4.2906096560779785,0
3.6063477385066673,1.141486370704392,2
1.48731638763954,1.140699704026398,0
-1.6192397207209972,-0.21800869453825622,1
-2.0720514457838,-0.16471976332802335,1
2.9092598212869505,3.1781563979804717,0
2.645477367644114,-1.674209477848949,2
1.3496422287000949,-0.6585803076458486,2
-0.8765989521391292,-0.5087049024811123,1
-0.5446798395570494,-0.6687187676545211,1
-2.0487746187366733,-0.34668110766685944,1
-1.1907067360438661,-1.056142333860443,1
0.7017370160114178,-1.7660225018726412,2
-1.8798140722276664,-0.8529648091593,1
-1.451005930861091,-1.4518541899611466,1
6.112262535467568,-1.917788788972263,2
2.8628202444007513,1.5534133779955432,0
0.15333086044545272,-0.6747912426465015,1
0.5861599478818385,1.3186589758098242,0
0.018152943146853413,1.2111396893212527,0
-1.180832245431549,-0.6999286618077185,1
-1.928109477936181,-0.7419675100847692,1
-0.6106377305364551,-0.49950856915689645,1
-0.314396190375902,-0.5851172517361238,1
-1.0194491952205362,-0.11713521654733498,1
2.422563245048687,-0.3022494736636317,2
2.1605359974082976,-1.7722660017931104,2
0.37466215414998744,-0.9299547410179829,1
0.16586121229399792,1.5356668396943456,0
-1.2353152558155802,-0.7521946366006173,1
-1.035751708163474,-0.1338224416472874,1
-2.6414540205608747,-0.03530026407642446,1
0.23897557975539307,3.3393905309439185,0
-0.5526351370908275,0.05457028138726548,1
-1.12434411500044,0.13963518369959632,1
-0.6573002138515992,2.4115552078841564,0
1.5416166926628978,0.4654942137883546,2
-0.7791643320861892,-0.3607627476224079,1
-0.850054026627438,-0.008870544021545867,1
-1.5282566543970244,-0.4512153871583137,1
-0.14635349350886057,4.565190276187771,0
2.2560445455904015,1.320932191420074,2
0.08595816743109078,1.3800489367132072,0
-2.350813070282641,-0.11559573202150848,1
-2.653402570303684,-0.037337885404031004,1
-2.665351120046494,-0.03937550673163754,1
1.8408033468984903,3.6968161355161024,0
1.2533208774064477,-0.4229655535084191,2
0.1318904756798509,0.7010484083326354,1
-1.1188294704170725,-0.8066744191818866,1
2.6245701232956207,-2.48303117335058,2
-0.21590496277673704,-0.34073397987680343,1
-1.867152333234463,-0.21980137306444136,1
-2.16994432522685,-0.19546628788131376,1
-0.5808715254515826,-0.8935427899324571,1
-2.6554147645994046,-0.7300427222459187,1
-2.530991832023929,-1.0213282787472948,1
4.6601319609975524,-1.304193081490845,2
1.4055110045122043,2.2711742585646606,0
-0.8916381054078929,-0.18151316656023975,1
-0.7641432450344275,1.4981047965255065,0
-2.7848366174745895,-0.05975172000770275,1
-1.9363690082149538,-0.2546013148270567,1
-1.3855952123262534,-0.3436759600578111,1
-2.169017145045672,-0.07861494552358236,1
0.9140139679435089,0.4954037463524551,2
0.9569359307847104,-0.9341160050497254,2
-2.5414802570170454,-0.25442782528461844,1
-2.419263328428055,0.018711852928789567,1
0.736314498456447,3.0191352033049847,0
-0.04386075248697405,-0.12564362126670836,1
-0.7614506626166093,0.07717275383131335,1
0.2223892705656249,-0.554148869781601,1
-0.16459131323195655,2.5357587690395302,0
2.1213678182058424,-0.5612533320896553,2
-0.05842157284684189,-0.683166640705216,1
-0.3352646822529031,-0.34369932690642224,1
-1.010945158006021,-0.5961919606368032,1
4.22472511774344,-1.005633201896973,2
0.5615994056713478,4.550993330289782,0
-2.151959104645344,-0.10474900675370677,1
-2.653402570303684,-0.037337885404031004,1
1.9150109878947579,-1.3876553655154755,2
0.9494742846717699,0.6348622754015025,0
-0.5533475328423697,-0.8326521954808925,1
0.6016788462151819,-0.40692011280793633,1
-1.073024972797507,-0.5467356004960814,1
-0.6621135041045281,-0.39307426853389965,1
-2.5771197519771314,-0.22469794050841974,1
-1.9229800759325397,-0.22398614308618203,1
-0.019980862370158604,-1.4620214307913872,1
-2.3840028165670017,-0.6818177975591395,1
-2.1727238092426675,-1.1478531188798924,1
2.2230948135041233,2.2049881256335278,0
-0.5842258798124422,-0.21930873826701697,1
-1.3080231612672664,-0.08126452045576603,1
-0.16180343460307445,1.5703191706477369,0
-0.6825507487945242,1.7391282318610601,0
-0.1923672681723811,-1.0950975224234556,1
-1.7096876697757213,-0.3958946037160483,1
-2.4433318591249704,-0.5938139048046587,1
-1.3586011130213678,-0.24784837431898404,1
-1.767412577705449,0.13452497829057736,1
1.6745998625637741,-0.05058927882571927,2
-0.4090211049556495,-0.6923541991501873,1
-0.5777279195070256,1.7960505139061487,0
-1.9789043876166041,-0.4918109623888145,1
-2.419263328428055,0.018711852928789567,1
0.736314498456447,3.0191352033049847,0
-0.04386075248697405,-0.12564362126670836,1
-0.7614506626166093,0.07717275383131335,1
0.2223892705656249,-0.554148869781601,1
-0.16459131323195655,2.5357587690395302,0
2.1213678182058424,-0.5612533320896553,2
-0.05842157284684189,-0.683166640705216,1
-0.3352646822529031,-0.34369932690642224,1
-1.010945158006021,-0.5961919606368032,1
4.22472511774344,-1.005633201896973,2
0.5615994056713478,4.550993330289782,0
-2.151959104645344,-0.10474900675370677,1
-2.653402570303684,-0.037337885404031004,1
1.9150109878947579,-1.3876553655154755,2
0.9494742846717699,0.6348622754015025,0
-0.5643811696918238,-0.8556456018009424,1
3.2842340284793203,-3.296123520826596,2
0.5906452093657277,-0.4299135191279862,1
-0.6621135041045281,-0.39307426853389965,1
-2.5771197519771314,-0.22469794050841974,1
-1.9229800759325397,-0.22398614308618203,1
-0.019980862370158604,-1.4620214307913872,1
-2.3840028165670017,-0.6818177975591395,1
-2.1727238092426675,-1.1478531188798924,1
5.364299152982656,-1.6661285941343507,2
2.2230948135041233,2.2049881256335278,0
-0.5842258798124422,-0.21930873826701697,1
-1.3080231612672664,-0.08126452045576603,1
-0.16180343460307445,1.5703191706477369,0
-0.67151711194507,1.76212163818111,0
-0.1923672681723811,-1.0950975224234556,1
-1.7096876697757213,-0.3958946037160483,1
-2.4433318591249704,-0.5938139048046587,1
-1.3586011130213678,-0.24784837431898404,1
-1.767412577705449,0.13452497829057736,1
1.6745998625637741,-0.05058927882571927,2
-0.4090211049556495,-0.6923541991501873,1
-0.5777279195070256,1.7960505139061487,0
-1.9899380244660585,-0.5148043687088644,1
-2.653402570303684,-0.037337885404031004,1
0.39848743630582784,3.519363419540108,0
-0.4644807845963695,0.04286186262329045,1
-1.0863735732787647,0.16315815235860376,1
-0.42085865039804954,-0.09535802897023715,1
-0.5543279169308799,2.6140843429327187,0
1.6947728003563989,0.6327919614139345,2
1.7081015050560926,-0.3753394487573115,2
-0.6945473420777167,-0.37952565660984444,1
-0.7642579157903037,-0.02528195626782865,1
-1.4398319356282727,-0.4596415930005827,1
-0.04338119658814123,4.7677194112363335,0
0.18893046435180968,1.5825780717617697,0
-2.6772996697893032,-0.04141312805924408,1
1.3531687824560374,-0.4003816499151852,2
0.2914023322302858,0.8810212969288252,1
-0.996175486723288,-0.7248936810069331,1
2.705649750818107,-2.5088485725614786,2
-0.06742674307575652,-0.18375449760066365,1
-1.8327191539987733,-0.20333289462889548,1
-1.4989853356935927,-0.22128058922985255,1
-1.102033918576234,-0.279517307217729,1
-2.13551114599116,-0.17899780944576793,1
-0.5293610067462391,-0.8238161313052316,1
-2.564281558947158,-0.7270224328312475,1
4.745928071834686,-1.320604493737127,2
1.565022861062639,2.4511471471608504,0
-0.8560258053435409,-0.16269319138354,1
-1.6475759541934074,-0.03817033398556026,1
-0.6046313884839929,1.6780776851216963,0
-2.1525156236566394,-0.2881360892420886,1
-2.6236106015051264,-0.6390185400767668,1
-1.3473543043302842,-0.3168707784770977,1
-1.064051828792981,-0.4403692684034068,1
-1.0823409002209499,1.9423138200067347,0
-2.63345914997953,-0.13493764478248543,1
-0.681865226256584,-0.23527818855355837,1
-2.3719621713005377,0.045812976360143205,1
0.6747684457881725,3.4561395627515057,0
-0.20831400718351817,-0.07419053374771464,1
-0.9305744174114782,0.11656853083356354,1
0.057130731365198875,-0.5070447717546903,1
-0.3298498524323825,2.5828628670664413,0
2.1846786741882447,0.4279385910713114,2
1.9637247365259753,-0.4934758277724095,2
-0.4879769063079589,-0.08850581305643097,1
-1.051689580376467,-0.4730652156978815,1
0.3963408664709218,4.598097428316692,0
2.6918374116231805,1.4376812232276615,2
0.5784687166380905,1.4481874762651112,0
-2.096467309105238,-0.05582740545096741,1
-2.1349511003875414,0.08192850307835305,1
2.1260447806129226,3.9192593295926366,0
0.7829273402731962,0.6793969330868597,0
-0.6174476341098717,-0.7580817035236241,1
3.1759734349055875,-2.766469441274032,2
-1.7276473548472377,-0.2157751113750463,1
-1.1137693951679528,-0.42360885555715966,1
-0.7249252001738825,-0.31593433623507755,1
-2.5463994137684933,-0.15850366468634491,1
-2.0304393468396245,-0.19144002619191863,1
-0.1446801570931529,-0.9678937463038628,1
-2.331548038646894,-0.644438912761572,1
-2.2311727009067908,-1.158364593991179,1
5.216976483846125,-1.5767800522575575,2
2.0565478691055494,2.2495227833188847,0
-0.750772824211016,-0.17477408058165977,1
-1.3598012204871666,0.0188688181631058,1
-0.3283503790016482,1.614853828333094,0
-0.8490976931930977,1.7836628895464173,0
-0.3537605917783646,-1.0402851033718845,1
-1.7627541341937691,-0.2983307054387298,1
-2.390877081204863,-0.5564350200070912,1
-1.5251480574199414,-0.20331371663362696,1
-1.2232438613773515,-0.2776294794974105,1
1.5701092787317175,0.4826118281801269,2
1.3609543260270565,-0.8809733068236768,2
-0.5741459549611354,-0.6452226387460299,1
-0.742986458707452,1.843154611933059,0
-2.147447416950986,-0.4469994020143719,1
-2.6772996697893032,-0.04141312805924408,1
0.12220642682348326,3.5825872763287108,0
-0.732079646114245,-0.2290216226019126,1
-1.1919889183732686,0.1745163864606616,1
-0.6971396598803944,-0.03213417218163468,1
-0.899986762774817,-0.29662066501772877,1
-1.6992628958584348,-0.3518419171306523,1
3.129375087076603,-0.26659771107843133,2
-0.167491639541074,4.728478112256646,0
2.1392753926584915,1.5641289368048665,2
0.06482002139887724,1.5433367727820824,0
-2.499890734696062,-0.05604134847429766,1
1.8244018155121453,3.8695501060549296,0
0.015121322747941054,0.9442451537174277,1
2.2353260667306274,-2.2512277038489246,2
-0.34370775255810115,-0.1205306408120612,1
-1.7740140244065081,-0.14831942195422126,1
-1.3766957938475137,-0.2130644439284689,1
-2.7241789558671865,-0.07051939836211349,1
-2.2405829451426955,-0.16655559269961712,1
-0.6486140470659768,-0.853370410782946,1
-2.6400240950285787,-0.2208695510748122,1
-2.5777799338473075,-0.683126345636777,1
4.274879659823249,-1.0644289352166976,2
-0.9612787864760659,-0.1506123021854202,1
-0.7805447764207726,1.6708387670643339,0
-1.4051348307777691,1.9305789668051057,0
-0.6926342939634048,-1.0289308874813483,1
-2.420605994726395,-0.20309175458210033,1
-2.7842412944558217,-0.6789869375424791,1
-1.456233832242099,-0.3147652648761145,1
0.8068603612116563,0.7575374291281141,2
0.8213453807508865,-0.7286935412412111,2
-1.553957702624827,-0.2355158980607837,1
-1.2064513431738824,1.9030725210270478,0
-2.7387121311120546,-0.12285675558436555,1
-0.6946728547306318,-0.1183052765359842,1
-2.3978826582095465,0.039293872939791405,1
0.6619608173141247,3.5731124747690797,0
-0.23737376689284262,-0.35850905245416537,1
0.04283050847633274,-0.39304851048994266,1
-0.34415007532124875,2.696859128331189,0
2.1703784512993782,0.5419348523360592,2
-0.23798033493613402,-0.5220662814135576,1
-0.5007845347820069,0.028467098961143248,1
-1.179470283245859,-0.4120981950250951,1
0.3820406435820557,4.712093689581439,0
2.679029783149133,1.5546541352452357,2
0.6143523045220067,1.5269523501068765,0
-2.130578434426836,-0.08416698674270505,1
-2.1608715872965507,0.07540939965800118,1
-2.6172195131991822,-0.0005319259417391337,1
1.8287744333990175,-0.4912387589930606,2
0.7701197117991483,0.796369845104434,0
3.194344598654646,-2.647236095697349,2
0.4223242733425604,-0.24541254310500493,1
-1.6491954137110976,-0.19291503124659853,1
-1.24654559153475,-0.19052494032093065,1
-0.8416722661938202,-0.2319739092422412,1
-2.624559607982562,-0.1764475531875903,1
-1.9519874057034845,-0.16857994606347082,1
-0.11327435245369147,-0.8980588247205769,1
-2.3744725400646303,-0.6858580255132796,1
-2.2633137485235073,-1.1013327524700518,1
5.195978216959489,-1.4816276181113692,2
-1.437398112583776,0.044604451412909876,1
-0.8508716848176915,1.9236292078840416,0
-1.8890422426483424,-0.234387034013117,1
-1.1371764627206529,-0.23409599307862766,1
-1.8463995290325055,0.2255697731475439,1
1.57132047593676,0.6285314480234039,2
1.3421763198937355,-0.7759069978174085,2
-0.5884461778500015,-0.5312263774812822,1
-2.119179286587628,-0.3889079344629417,1
-1.1724757862716917,-0.09488051976561288,1
-0.6874726218731865,0.09727459805478615,1
-1.259181599782799,0.18233950036711716,1
-0.6843320314063466,-0.14910708419920893,1
1.2191671494134197,0.7236490704918099,2
1.4858171402764728,-0.3195158152811233,2
-0.9168317068573364,-0.32370202313365637,1
3.093955053768189,-0.662818624449564,2
2.1520830211325395,1.447156024787292,2
-0.02124737725782157,1.4998032863632995,0
-2.487537148390859,-0.07665381013983387,1
-2.571069450942401,-0.05891052990313547,1
-2.7250938687605415,-0.04956361336967015,1
1.7368418224406281,3.82303996888332,0
1.1156535026353003,-0.38590482901966744,2
-1.2555535485252902,-0.767732497300212,1
2.2688288599751187,-2.3132135339872346,2
-0.3198664872345992,-0.21451014650958544,1
-2.0048197080056105,-0.18274064857568978,1
-1.740729799900988,-0.21074113929333088,1
-1.3623955709586477,-0.3270607051932166,1
-2.7370424185033513,-0.05160123469727669,1
-2.186032348509154,-0.19371103874116957,1
-0.7213687902115181,-0.8621256576224747,1
-2.726191150162907,-0.7632242352040012,1
-2.6016770333329267,-0.6872015882919901,1
4.308163884328769,-1.126850652555807,2
1.0863054814937763,2.5357985989852416,0
-1.0283621835161105,-0.14257124467856508,1
-1.492694823849286,1.8840688296334964,0
-0.7742239093756487,-1.063534421641652,1
-2.387321770220875,-0.2655134719212101,1
-2.822863181052612,-0.7261426590656501,1
-2.0649024479105833,-0.1938389150739962,1
-1.5232625870974008,-0.3066152355690595,1
-2.2729786695035346,0.04760888784363557,1
0.8166828008560677,0.6346112156048871,2
0.8401233868842075,-0.8337598502474795,2
-1.5396574797359606,-0.34951215932553154,1
-1.2925187418305815,1.8595390346082648,0
-2.681281411322119,-0.03879305116549929,1
-2.2148815439719294,0.07903823026669207,1
0.938513471427318,3.0751084439928,0
0.16488665493966037,-0.05661097062863141,1
-0.552703255189975,0.1462054044693904,1
0.42458824353649594,-0.49817562909378577,1
0.03760765973891425,2.5917320097273455,0
2.5521361863595415,0.43680773373221604,2
2.3235667911767135,-0.5052800914018399,2
-0.13306570928203218,-0.28772608621860707,1
-0.80874618503515,-0.5402187199489881,1
4.426924090714311,-0.9496599612091574,2
0.7637983786422187,4.606966570977597,0
0.9459262288093875,1.4570566189260157,0
-1.8800352673284932,-0.14342791745805145,1
-2.5728458176820905,0.0580945113919384,1
2.4969735094676215,3.9350510492451822,0
2.1106615264098654,-1.3447415347779217,2
1.1538560691278954,0.6951886527394051,0
3.504579434479078,-3.262126237365261,2
-1.417989110969282,-0.1923479875814944,1
-0.4599145311336573,-0.33710102784608437,1
-2.37492077900626,-0.16872469982060445,1
-1.7207811029616689,-0.1680129023983668,1
0.17130405317443992,-1.427813873354008,1
-2.1993859149013484,-0.6618973731416359,1
-1.9814388936980691,-1.1136455614425136,1
5.579714574288236,-1.582808810476398,2
2.4274765979602493,2.2653145029714303,0
-0.3798440953563169,-0.15898236092911444,1
0.04257834985305098,1.6306455479856392,0
-0.46713532748894465,1.8224480155190128,0
0.0032832703427264007,-1.0521836916859022,1
-1.5053058853195957,-0.3355682263781458,1
-0.8557863492060546,-0.2687603368365059,1
1.8791182121193,0.009770296247335088,2
1.7179981881481472,-0.8928718951376945,2
-0.2066884427898384,-0.6363534960851254,1
-0.3755289465361547,1.8520237545939635,0
-1.776571725450793,-0.4358102593237525,1
-1.4353679260234014,-0.009610907568084217,1
-2.7250938687605415,-0.04956361336967015,1
-0.24872230203121581,3.5667955566761655,0
-1.0518137232474776,0.25085049052590436,1
-1.4227874580659605,0.1949898431463058,1
-0.9455282505095448,2.495511126446162,0
0.8374094143532563,0.828776189095653,0
-1.1289993657977553,-0.27258555107292254,1
-1.1493026229418004,0.04487821521169257,1
-1.9784593096541556,-0.2925754157628636,1
2.758446358221904,-0.28238943073097666,2
-0.26437043808242533,4.599718529261725,0
-0.20226986922685491,1.464004855275213,0
-2.7489909682461606,-0.05363885602488312,1
-2.7370424185033513,-0.05160123469727669,1
-2.7489909682461606,-0.05363885602488312,1
1.5538407082030108,3.783295611556419,0
0.9034858436948814,-0.3347883569589336,2
-0.2554397845611932,0.8579906592189175,1
-1.629846946672019,-0.6349935165767684,1
1.947825906136491,-2.130385025454984,2
-0.7036028445633463,-0.11332895414455672,1
-2.166803556173247,-0.16685556393793838,1
-2.05380575042548,-0.09024013967281995,1
-1.7050031320954824,-0.28015838033240575,1
-2.7609395179889704,-0.055676477352489664,1
-2.64198781171097,-0.17480463530719703,1
-2.755468291691496,-0.22783387589915832,1
-2.636607769668,-0.7142702372672529,1
3.944904123031494,-0.9711182655123136,2
0.9033043672561589,2.496054241658341,0
-1.1908867017222553,-0.12776440732700123,1
-2.0387762877720723,-0.15674355047211674,1
-1.0511058837299068,1.584584272565824,0
-1.6756959380869032,1.8443244723065952,0
-0.9493105345389308,-1.0874950740132958,1
-2.8684764656742563,-0.07401506930094832,1
-2.858540110227167,-0.7646822848152295,1
-2.4363528476204466,-0.059927005901888625,1
-1.6852464352650371,-0.2907301509313082,1
0.42898919899015325,0.7279005554922873,1
-1.8210475932505588,-0.3148478155676532,1
-1.3885410482634386,2.1327410448707687,0
-2.9461727815786833,-0.053587769950691394,1
-2.318703038333562,0.03637355734733748,1
0.7913242479628922,3.5349607717536435,0
-0.09225864363990434,0.0008896337002969636,1
-0.8098485537695398,0.20370600879831857,1
-0.028021838740985166,-0.0797606767567017,1
-0.21537908099127218,2.65752594158727,0
2.083905447068789,0.6410021726455037,2
2.070580050446527,-0.43948615954191533,2
-0.3244533391667235,-0.4229989611041131,1
-0.3714211041332392,-0.009684604054293122,1
-1.0506992889158824,-0.4514313817690136,1
3.958693351423558,-0.7454655222958699,2
0.2955676393514664,4.811161009890885,0
2.8083932137979004,1.5165024322297995,2
0.47769548951863483,1.6612510578393034,0
-2.051398814550851,-0.08708730233515892,1
-2.0816919674205647,0.07248908406554733,1
-2.625072743735697,0.00834069166634721,1
1.7423014291684278,-0.39217143868361604,2
0.6842391438873501,0.8966186491423607,0
-0.6143723119156776,-0.7322897351134474,1
0.3364437054307621,-0.1451637390670783,1
-1.5706082301539035,-0.1970168305675346,1
-1.1171821608859827,-0.228676643336367,1
-0.723934908713298,-0.2943005023062096,1
-2.4773560874180993,-0.20862493022962708,1
-1.8734002221462904,-0.1726817453844069,1
-0.2517084764134365,-0.7673045681735965,1
-2.2921872709215108,-1.0013230722465125,1
5.110097649047689,-1.3813788140734427,2
1.9578596727197033,2.4667444993743857,0
-0.5840332112635136,-0.13118425900250424,1
-1.358810929026582,0.040502652091973915,1
-0.2117945768269284,1.6936750373352316,0
-0.24554491253808203,-0.9780964322949813,1
-2.345958071172324,-0.5825069769451315,1
-1.408592255245222,-0.12449250763148907,1
-1.0585892791634586,-0.23819779239956373,1
-1.7672199091565206,0.22264945755508997,1
1.4866247806625439,0.731143219518295,2
1.4691700052673387,-0.8187846357467736,2
-0.6749191820805911,-0.43215905717183767,1
-0.7935758750541249,2.020986806084269,0
-2.2561767143315654,-0.07221994968087424,1
-1.2977438977141647,-0.04581857781448367,1
-2.689248219532113,-0.04345074938685052,1
-0.8133504250612116,0.14512064413000164,1
-1.3348755921980417,0.19495415901935037,1
-0.8136954620551141,-0.11095538118377261,1
-0.8430929420977054,2.535411356855185,0
1.3056401536440088,0.6245817501823654,2
1.3608538747067755,-0.2698459253920372,2
-1.0417949724270334,-0.2740321332445702,1
-1.0618624054053465,0.04390193238827558,1
-1.790887294737869,-0.3644847727804761,1
3.1804280579987783,-0.7618859447590083,2
-0.33214622175496666,4.689046425158799,0
2.0227195904837716,1.4853077278027285,2
-0.09983456081501557,1.5039050856842355,0
-2.713145319017732,-0.047525992042063606,1
-2.713145319017732,-0.047525992042063606,1
1.657662202564643,3.825960284475774,0
0.9906902370656032,-0.3362349391305814,2
-0.10143447942677866,0.8654239447152896,1
-1.3808216599677634,-0.7186705553490828,1
2.360024130584315,-2.4001203073376414,2
-0.460263554732821,-0.19935184981419912,1
-2.079599162802525,-0.16830214610958616,1
-1.4911665652886243,-0.28772751844929806,1
-2.719622642463067,-0.2217210119163388,1
-2.606142162482541,-0.16869177132437752,1
-0.795233707390105,-0.8458633113425006,1
-2.703208963570643,-0.7381932075563448,1
-2.5787860309951673,-1.029478764057721,1
4.3981397714468615,-1.216189217658041,2
1.222369860178357,2.4003184075243325,0
-1.1034464841858012,-0.12874069015041834,1
-1.9363409793602326,-0.11684332006309413,1
-0.8510337839764696,-1.0558881711352692,1
-2.4396422707700425,-0.23763481517924534,1
-2.8138595887320363,-0.7327211335116351,1
-2.1942658785593507,-0.1556872120585599,1
-1.5980420418943153,-0.29217673310295594,1
-2.3521582893795197,0.05052920343608948,1
0.6861344975697178,0.6703999511633589,1
0.7131297015106041,-0.7908822123181144,2
-1.4531844755053713,-0.4485794796349761,1
-1.3711059253877753,1.8636408339292008,0
-2.6591022308007344,-0.05320687691623853,1
0.07227927364282055,-0.32168250855870395,1
1.428912945687577,3.3697352427463603,0
0.5535091263694492,-0.14802453742444627,1
0.41812008059107786,2.4841447336387166,0
2.9326486072117057,0.32922045764358693,2
0.5242898209761927,-0.7347806761060299,1
-0.6324441258940983,-0.48641208266420427,1
1.1443107994943824,4.499379294888968,0
3.445981911522585,1.3512769032225158,2
1.3264386496615512,1.3494693428373867,0
-1.7294217369322968,-0.04344954944311477,1
-2.241898839440091,0.0009681655865111591,1
2.8801892805123273,3.8328550095874916,0
2.591044589311344,-0.7039531536855328,2
1.5370718401726007,0.5929926130817139,2
3.9024747098789825,-2.910745110743085,2
-1.0374766901171182,-0.29993526367012363,1
-0.6838038248724098,-0.23250825897023764,1
-0.3056797456915137,-0.32928120320140036,1
-2.15946854594188,-0.17314285627885295,1
-1.3402686821095051,-0.27560017848699586,1
0.584766075302476,-1.1035533199993237,2
-1.9810100955651393,-0.6594958325726488,1
-1.564259413035832,-1.2834204071088156,1
5.962930345332941,-1.685004850134089,2
2.810692369004954,2.1631184633137392,0
0.003371675688388507,-0.2611784005868056,1
0.42579412089775626,1.5284495083279481,0
-0.08391955644423912,1.7202519758613217,0
0.37568564061726467,-1.1759446770673456,1
-1.3373341128354563,-0.29936375898247375,1
-0.7710035575205374,-0.28971803663877255,1
-0.475273928353891,-0.3763476129251351,1
2.3476365492324636,0.4438285413401889,2
2.0904005584226852,-1.0166328805191378,2
0.17382397806232522,-0.7439407721737544,1
0.004983474316008877,1.7444364785053343,0
-1.4070929414480835,-0.5663909417324317,1
-2.653402570303684,-0.037337885404031004,1
-0.4166940745153553,3.530591089280493,0
-1.2360401612192327,-0.08413035922985213,1
0.6721409920616587,0.7979629581309191,0
-2.073801688965785,-0.2543814207124955,1
2.331684897855862,-0.4501042297570918,2
-0.41772210229123485,1.4684230117334616,0
-2.6772996697893032,-0.04141312805924408,1
-2.665351120046494,-0.03937550673163754,1
-2.6772996697893032,-0.04141312805924408,1
1.3356851249460895,3.78232253158373,0
0.7108799831921778,-0.2683499816296796,2
-0.4735953678181152,0.8570175792462278,1
-2.3263095780250476,-0.3042684041913421,1
-0.8633839786348967,-0.12771294366884284,1
-1.9204553651598624,-0.27574022387415725,1
-2.689248219532113,-0.04345074938685052,1
-2.5702965132541125,-0.1625789073415579,1
-1.0714030662169793,-0.7707173907335481,1
-2.6783969511916688,-0.755073749893575,1
-2.5538828343616884,-0.6790511029815639,1
3.5862602672245556,-0.8034607922404651,2
0.46990478543867126,2.633481668739014,0
-1.38447036974141,-0.06327605368553334,1
-1.2692614669868287,1.5836111925931342,1
-1.3495376437704496,1.7940602799396737,0
-2.796785167217399,-0.06178934133530918,1
-2.78684881177031,-0.7524565568495903,1
-1.877852295767741,-0.22429177560205416,1
-2.7908416349221588,-0.027098692691806668,1
0.2556107261209303,0.680913615234739,1
0.3071431469158234,-0.731434474599113,1
-1.0081490985264716,1.6304480980262248,0
-2.898378582607445,-0.04543728464026533,1
0.5918709074136234,3.4323320559051633,0
-0.16837432562095253,0.3272992616168756,1
-0.8031888856636903,0.05843184363967197,1
0.07794567952280117,-0.14095201718142236,1
-0.25885109350199786,2.9137242342167267,0
2.2054936223458466,0.7940313456445794,2
1.9769242271630187,-0.14805647948947648,2
-0.2028651638896657,-0.2699697881050374,1
-0.4797082732957268,0.06949752569375633,1
-1.1443551121993905,-0.16000170171657474,1
4.080281526700616,-0.5924363492967945,2
2.7205841042818792,1.8195920949036182,2
0.6996512863412576,1.7438174559924147,0
-2.0388403025213075,0.14553958549269513,1
-2.0761263990238406,0.10810153218536478,1
2.121594719988668,3.7812741499464884,0
1.7506373789430891,-1.0142045431987021,2
0.8116740329318944,1.0613078047628164,0
-0.699803000993031,-0.6065361426968517,1
3.146667868226368,-2.9263869196880865,2
-1.5638964318918467,0.02395007463893936,1
-0.806557095147352,0.020122584066279134,1
-2.5766352244848445,0.04484705202327681,1
-1.884811481653761,-0.5370629489021259,1
-0.09727352838215958,-1.185530736842849,1
-2.297457371654758,-0.4845239123572783,1
5.237532538092235,-1.216689658452987,2
2.085294561764248,2.631433654994842,0
-1.3520991307645251,0.2614695572984479,1
-0.2996036863429499,1.9967647000090507,0
-0.7591335529121631,2.1533357801194413,0
-0.3065570663512677,-0.7568780875296648,1
-1.8536209697148307,-0.16474864204910028,1
-2.3567864142127273,-0.39652001960279754,1
-1.051877480901402,-0.017230887193089753,1
-1.7546613971269769,0.4552763453829441,1
1.5369361759232991,0.3758894482707465,2
1.261277141141795,-1.1213126763296328,2
-0.5533310068035331,-0.27912988417276186,1
-0.5716200782315021,2.1035532042373797,0
-1.1239330848659594,-0.11979322283875123,1
-2.665351120046494,-0.03937550673163754,1
-1.2610470296977412,0.1922108268003514,1
-0.6972191180950313,-0.337673371307741,1
1.1840519783669512,0.4715525771832895,2
1.5344720019561506,-0.34420483939595686,2
-0.8681768451776585,-0.3483910472484898,1
-0.9382354033299237,0.0051586747869903785,1
-1.6172691674884938,-0.4388436867843958,1
3.1006283944179045,-0.648508582754388,2
-0.3388580200170237,4.468079519952324,0
2.110528699999793,1.1822180651289098,2
-0.10654635907707238,1.2829381804777615,0
-2.489178257757909,-0.06633512578998994,1
-2.689248219532113,-0.04345074938685052,1
1.6451036905350995,3.59333339664792,0
1.1643083643149785,-0.41059385313450103,2
-0.013625369910757305,0.5623342820414708,1
-1.207010847119558,-0.7926452003733504,1
2.317820202476635,-2.337231521227154,2
-0.3081816586855172,-0.3376150000039601,1
-2.0063486570987146,-0.17219828526754094,1
-1.378472098203719,-0.527473682775899,1
-0.722561258482785,-0.8509122574394113,1
-2.695725542977448,-0.21764576926112572,1
-2.5658313841044977,-0.6810887243091704,1
1.04475116036103,2.2708606393268593,0
-1.0300032928831608,-0.13225256032872112,1
-1.93924504886201,-0.3274735221244007,1
-0.9096590906250357,1.3593906702343421,1
-1.5844329557548147,1.6543622573980963,1
-0.8137008241359591,-1.1643302665152793,1
-2.338779068815143,-0.29042617499434853,1
-2.030747595153141,0.11320604161848484,1
-1.5247915361905051,-0.2960728722609107,1
-2.319668290139824,-0.06208505609914247,1
0.7622501795507659,0.34399032324678025,2
0.8243256660965722,-1.0473319445064133,2
-1.5443108207001939,-0.5189150274727111,1
-1.321175165416969,1.9387035873070564,0
-2.6939561575386235,-0.05146777313570526,1
-0.7138490165282375,-0.16054260699431333,1
-2.616544697447034,0.060854265017205283,1
0.6427846555165192,3.530875144310751,0
-0.9595212525732124,0.19736065034075606,1
-0.17656143118735848,-0.0838463041995945,1
-0.3633521202589958,2.6545701796517127,0
1.9359324078010653,0.6380464107099458,2
-0.47242637843444707,-0.4259547230396711,1
-0.5199606965796126,-0.013770231497185897,1
-1.2097059650330602,-0.47738055002462126,1
2.659853621351527,1.5124168047869067,2
0.3297224502509113,1.6582952959037456,0
-2.1999384069972243,-0.09117292977805173,1
-2.2302315598669384,0.06840345662265448,1
0.5356995514409767,0.8925330216994678,0
-0.7518782675125969,-0.7133819562362904,1
2.9197267784312957,-2.574062524330911,2
0.18790411298438867,-0.14924936650997112,1
-1.7185812694216271,-0.19997259250309252,1
-1.2546881164829018,-0.20976886445920995,1
-0.8719079479810214,-0.2972562642417675,1
-2.6761615357140798,-0.19493474164318403,1
-2.021373261414014,-0.17563750731996475,1
-0.39798185614521103,-0.7668707335871497,1
-2.4329024083461297,-0.6700770351131655,1
-2.5287217225855154,-0.9785517549196557,1
4.961558056601317,-1.3854644415163355,2
1.8093200802733302,2.462658871931493,0
-0.7325728037098871,-0.13526988644539711,1
-1.0852918451758629,2.019792384479075,0
-0.39181829226985654,-0.9776625977085345,1
-1.9082184044459483,-0.27662436447144606,1
-2.4922314509040984,-0.5820731423586847,1
-1.5571318476915952,-0.12857813507438187,1
-1.9157595016028939,0.21856383011219715,1
-0.8230259105432547,-0.43514228148464223,1
-0.9415489143218485,2.018031044148711,0
-2.4048528718773388,-0.07633877485891906,1
-1.1573949436803803,-0.0635534282429766,1
-2.653402570303684,-0.037337885404031004,1
0.15419021709513683,3.507851694769465,0
-0.6837145790174137,-0.2601162484183861,1
-1.1945438935910182,0.17718489644342578,1
-0.6651558696087408,-0.1068697537408799,1
-0.6951199028299817,2.5383671187907426,0
1.4536131929117324,0.6275375121179232,2
1.5012114564539403,-0.28756356974681446,2
-0.9014373906798687,-0.29174977759934745,1
3.328401097266502,-0.7589301828234505,2
-0.18417318248724343,4.6920021870943565,0
2.171259182930145,1.4893933552456213,2
0.04813847845270802,1.5068608476197933,0
-2.422272495026765,-0.08055810604018017,1
-2.5058047975783073,-0.06281482580348166,1
-2.6772996697893032,-0.04141312805924408,1
1.8062017950110163,3.8300459119186665,0
0.04710511301959458,0.8695095721581825,1
-1.2515063427834332,-0.7593988120976255,1
-0.3006903254369934,-0.17227281605125638,1
-1.9392415810553603,-0.1860197904643635,1
-1.7256489573096767,-0.1794140477706947,1
-2.6837769932346385,-0.21560814793351918,1
-2.6673633143422144,-0.7320803435735251,1
4.538488725480645,-1.2339240680865338,2
1.3709094526247303,2.4044040349672255,0
-0.9630975301520169,-0.14647554057891127,1
-1.7883679400925092,-0.11388755812753622,1
-1.4233348512788977,1.891074772668843,0
-0.704760404244695,-1.0563220057217162,1
-2.7721240246591394,-0.7093760779816324,1
-2.0457262861129775,-0.15160158461566708,1
0.8356648794650701,0.6767006411699592,2
0.859278019760819,-0.7913263032080922,2
-1.3053451254325878,-0.4456511800766648,1
-1.2231328861200517,1.866596595864759,0
-2.6161533230574254,-0.04273054480099736,1
-1.1834423080584244,-0.07484647896990208,1
-2.713145319017732,-0.047525992042063606,1
0.132238171923387,3.5074688829782326,0
-0.6980020061819766,0.11818041325209538,1
-1.219527173318807,0.16801392814144406,1
-0.6871079147804906,-0.10725256553211246,1
-0.7178915807728747,2.536349729996513,0
1.2155975164082737,0.7639206303770564,2
-0.928016797383041,-0.30410386953874485,1
-0.9475608157496065,0.014874031232857073,1
-1.6771091196938763,-0.39455650907465073,1
3.1394068321765065,-0.34171610442890904,2
0.025366800509815178,1.5048434588255635,0
-2.4483198594048097,-0.09185115676710565,1
-2.5318521619563517,-0.0741078765304072,1
-2.7370424185033513,-0.05160123469727669,1
1.7842497498392664,3.8296631001274344,0
1.1044684121095958,-0.3663066754247561,2
0.025153067847844865,0.8691267603669498,1
-1.2624247511057287,-0.7367882175688084,1
2.2569880632325003,-2.2949230419947213,2
-0.3226423706087433,-0.1726556278424891,1
-1.9658209877585324,-0.19837388240376075,1
-1.740662684838267,-0.16771369217757032,1
-2.7489909682461606,-0.05363885602488312,1
-0.6830257761813545,-0.8790665530529435,1
-2.743519741948686,-0.22579625457155178,1
4.297197362542035,-1.1068166117600964,2
1.1337134088924146,2.5424217302293557,0
-1.811139618035402,-0.11590494692176602,1
-0.8206968420936515,1.6309517611368387,0
-2.3982882920076083,-0.24547943112549941,1
-2.6825971392992787,-0.7251965079732536,1
-2.070913359926472,0.20770115987251653,1
-2.225570742104896,0.05423201908774962,1
0.8153520998356061,0.6795869833847208,2
0.8340474435044971,-0.7982474230113136,2
-1.5433608019360465,-0.3092680618175317,1
-1.1700805563699925,2.177070912114177,0
-2.63025213769266,-0.05198597420031641,1
-0.7000460285822871,-0.359479848789029,1
-0.22161856281411318,-0.00834206697202737,1
-0.9423349449678573,-0.1778978598398422,1
2.1739480843045245,0.5016632924508126,2
1.9453786891216962,-0.44042453268324344,2
-0.23441070193098834,-0.5623378412988043,1
-1.1759006502407132,-0.45236975491034154,1
4.048735988659294,-0.8848044024905612,2
0.38561027658720143,4.671822129696193,0
2.6818056665232772,1.5127996165781392,2
0.56773812675437,1.5219121776446123,0
-2.1779863618254747,-0.09079011798681917,1
-2.613461601868962,-0.02031478248551842,1
1.9896815604017806,3.5593688715986866,0
1.7407905400536046,-1.2632993209973329,2
0.7728955951732925,0.7545153264373374,0
0.42510015671670454,-0.28726706177210143,1
-1.6958095914787343,-0.19795520370886271,1
-1.2490141018816534,-0.42590680108966966,1
-0.8381026331886746,-0.27224546912748776,1
-2.6202265157603115,-0.19508333815031897,1
-1.9950259420888106,-0.7156949518547918,1
-2.407671832089808,-0.6631559153099441,1
-2.195213703936812,-1.1268397398895431,1
5.198754100333632,-1.5234821367784654,2
-0.716063589666935,-0.3288101564512695,1
-0.8480958014435473,1.8817746892169451,0
-0.3665877160135347,-0.9707414779053131,1
-1.8851665077561535,-0.4571166952428672,1
-2.467000874647777,-0.5751520225554633,1
-1.5351798025198453,-0.1281953232831491,1
-1.1837906404882896,-0.23913616554089173,1
-1.8938074564311438,0.21894664190342983,1
1.4980211730652968,0.06906377221011553,2
1.2657767920142295,-1.3415573894525599,2
-0.5850102340397959,-0.5715253997437755,1
-0.7035332378183898,1.881647925889578,0
-2.1548935167007506,-0.37098216298240266,1
-0.3558064253075755,-0.09983995764272577,1
-2.3293718983846263,0.0132106796181998,1
0.931206820230175,3.406103731755559,0
0.04896410010580855,-0.12529472951393977,1
-0.6686258100238269,0.0775216455840819,1
0.3108139893343768,-0.56257507562387,1
-0.07616659446320495,2.527332563197261,0
2.438361932157423,0.3724082872021319,2
2.2097925369745943,-0.5696795379319242,2
0.03000314592190995,-0.691592846547485,1
-0.23153853186595652,-0.1385416440523779,1
0.6500241244400998,4.542567124447513,0
2.948275786065183,1.3876453922317145,2
0.8321519746072683,1.3926571723959316,0
-1.9919932059260645,-0.021136568509555226,1
-2.6612558008401996,-0.02846526779594459,1
2.382483155054925,3.86922349859669,0
2.0967579142570614,-0.660765324126988,2
1.0393657147151987,0.6293611020909127,0
3.4184463860340575,-2.8470992595365012,2
0.6915702762586105,-0.412421286118526,1
-0.973566617179301,-0.5321684000183006,1
-2.4643791629106104,-0.24018524142041026,1
-1.834555357163788,-0.23241234892845092,1
0.10073775145755137,-1.0399074687927403,1
-2.2999782316222808,-0.6990191009964459,1
-2.0673167765495313,-1.177965582450279,1
5.465224219875538,-1.6486363611248902,2
2.3129862435475523,2.1994869523229377,0
-0.07191200455964576,1.5648179973371468,0
-0.5816256819016415,1.7566204648705204,0
-1.6197962397322925,-0.40139577702663815,1
-2.359307274180249,-0.6110152082419653,1
-1.2687096829779392,-0.25334954762957385,1
-1.6775211476620204,0.12902380497998753,1
1.8429492060605022,0.46651368079973266,2
1.6062471730962011,-0.9529972856160853,2
-0.3205963861868977,-0.7007804049924563,1
-1.8904796688478522,-0.5002371682310834,1
-1.2993609952819836,-0.05538641689242464,1
-2.665351120046494,-0.03937550673163754,1
-0.15366856335274243,3.4119176579948958,0
-0.918400858329116,0.1999016883710254,1
-1.0231984608294025,-0.1675724030924673,1
-0.8463015744593926,2.348955232085415,0
0.8864522796306259,0.7174516821578882,0
-0.9916954021448096,-0.31577441398199374,1
-1.0132956922003826,-0.0008972941126479134,1
-1.8411553460012098,-0.33576427867193487,1
2.8033162861275946,-0.40203594198926385,2
1.913584213255048,1.3582279310480692,2
-0.10304319317670285,1.317448960914466,0
-2.689248219532113,-0.04345074938685052,1
-2.6772996697893032,-0.04141312805924408,1
-2.689248219532113,-0.04345074938685052,1
1.6488944468814841,3.6284177128751494,0
1.0407898073478272,-0.3779772198680048,2
-0.16038604588272007,0.7031127605376479,1
-2.7480760553528056,-0.07459464101732657,1
1.9987430304466254,-2.153365694039272,2
-0.6451946382693428,-0.19050743810873633,1
-1.9067651828346082,-0.11302224267711049,1
-1.5947428191958763,-0.4037208683731029,1
-2.7122304061243767,-0.06848177703450695,1
-0.7405355658760996,-0.8784347547894239,1
-2.695725542977448,-0.21764576926112572,1
-2.5658313841044977,-0.6810887243091704,1
0.9983581059346321,2.341176342977071,0
-1.0548797709808375,-0.17353991665134177,1
-1.9395496117219202,-0.30329944483286386,1
-0.9560521450514337,1.429706373884554,1
-1.58064219940843,1.689446573625326,1
-0.8316751315292737,-1.1918527638652918,1
-2.3003459168790283,-0.10570251522622912,1
-1.5479424716120913,-0.33391901384037936,1
-2.3445447682375002,-0.10337241242176312,1
0.4653709352441657,0.5915653671419925,1
0.5257381345406422,-0.8031637032069215,2
-1.7181468776350677,-0.45109446916047935,1
-2.707935563886246,-0.0697949208734279,1
-2.653402570303684,-0.037337885404031004,1
0.39848743630582784,3.519363419540108,0
-0.4644807845963695,0.04286186262329045,1
-1.0863735732787647,0.16315815235860376,1
-0.42085865039804954,-0.09535802897023715,1
-0.5543279169308799,2.6140843429327187,0
1.6947728003563989,0.6327919614139345,2
1.7081015050560926,-0.3753394487573115,2
-0.6945473420777167,-0.37952565660984444,1
-0.7642579157903037,-0.02528195626782865,1
-1.4398319356282727,-0.4596415930005827,1
-0.04338119658814123,4.7677194112363335,0
0.18893046435180968,1.5825780717617697,0
-2.6883333066387576,-0.06440653437929397,1
1.3531687824560374,-0.4003816499151852,2
0.2914023322302858,0.8810212969288252,1
-0.996175486723288,-0.7248936810069331,1
2.705649750818107,-2.5088485725614786,2
-0.056393106226302364,-0.16076109128061372,1
-1.8327191539987733,-0.20333289462889548,1
-1.4989853356935927,-0.22128058922985255,1
-1.1130675554256881,-0.3025107135377789,1
-2.6837769932346385,-0.21560814793351918,1
-2.13551114599116,-0.17899780944576793,1
-0.5293610067462391,-0.8238161313052316,1
-2.5753151957966125,-0.7500158391512973,1
4.745928071834686,-1.320604493737127,2
1.565022861062639,2.4511471471608504,0
-0.8560258053435409,-0.16269319138354,1
-1.6475759541934074,-0.03817033398556026,1
-0.6046313884839929,1.6780776851216963,0
-1.2794052536137719,1.9730492722854502,0
-2.1525156236566394,-0.2881360892420886,1
-2.6236106015051264,-0.6390185400767668,1
-1.3473543043302842,-0.3168707784770977,1
1.0862373222078103,0.7007269168898647,2
-1.064185517987921,-0.44039673078065356,1
-1.0823409002209499,1.9423138200067347,0
-2.509081598248949,-0.05894819560562621,1
-2.653402570303684,-0.037337885404031004,1
0.39848743630582784,3.519363419540108,0
-0.4644807845963695,0.04286186262329045,1
-1.0863735732787647,0.16315815235860376,1
-0.42085865039804954,-0.09535802897023715,1
-0.5543279169308799,2.6140843429327187,0
1.6947728003563989,0.6327919614139345,2
1.7081015050560926,-0.3753394487573115,2
-0.6945473420777167,-0.37952565660984444,1
-0.7642579157903037,-0.02528195626782865,1
-1.4398319356282727,-0.4596415930005827,1
-0.04338119658814123,4.7677194112363335,0
0.18893046435180968,1.5825780717617697,0
-2.6772996697893032,-0.04141312805924408,1
1.3531687824560374,-0.4003816499151852,2
0.2914023322302858,0.8810212969288252,1
-1.007209123572742,-0.747887087326983,1
2.705649750818107,-2.5088485725614786,2
-0.056393106226302364,-0.16076109128061372,1
-1.8327191539987733,-0.20333289462889548,1
-1.5100189725430468,-0.24427399554990248,1
-1.102033918576234,-0.279517307217729,1
-2.13551114599116,-0.17899780944576793,1
-0.5293610067462391,-0.8238161313052316,1
-2.564281558947158,-0.7270224328312475,1
4.745928071834686,-1.320604493737127,2
1.565022861062639,2.4511471471608504,0
-0.8560258053435409,-0.16269319138354,1
-1.6475759541934074,-0.03817033398556026,1
-0.6046313884839929,1.6780776851216963,0
-1.2794052536137719,1.9730492722854502,0
-2.1525156236566394,-0.2881360892420886,1
-2.6236106015051264,-0.6390185400767668,1
-1.3473543043302842,-0.3168707784770977,1
1.0862373222078103,0.7007269168898647,2
-1.064185517987921,-0.44039673078065356,1
-1.0823409002209499,1.9423138200067347,0
-2.509081598248949,-0.05894819560562621,1
0.13110751353413092,-0.7322661165649745,1
1.391478911488719,2.767177734935451,0
0.6200262787729353,-0.3602057491096088,1
0.8775536835978966,-0.8061063381511346,2
0.49057309980031516,2.2838013006699973,0
3.0051016264209425,0.128877024674867,2
2.776532231238114,-0.8132108004591889,2
0.5967428401854298,-0.9351241090747496,1
0.31989973077936856,-0.595656795275956,1
-0.5710247435343151,-0.7097489219529739,1
4.919983658080325,-1.2348075379224996,2
1.2167638187036198,4.299035861920248,0
3.5164563084632383,1.1469875440149817,2
1.3988916688707884,1.149125909868667,0
-1.7091311507644258,-0.21250752122766642,1
-1.6423138258276584,-0.31295811946203744,1
-2.2105746164227664,-0.14509639987799056,1
2.8208351025181986,3.186582603822741,0
1.6075462371132543,0.38870325387417987,2
-0.11543899547850175,-1.133289956613201,1
3.9248607444655295,-3.5770732234071856,2
1.259750798656666,-0.6530791343352591,2
-0.9650236709078811,-0.5002786966388434,1
-2.1371993375054257,-0.33825490182459045,1
-1.2747313209885873,-1.0389410304231366,1
0.6206458536160506,-1.7429711333719762,2
-1.5320970932564584,-1.4288028214604818,1
6.073498869578207,-1.866511076997616,2
2.785429162481454,1.5848329901578622,0
0.06490614167670086,-0.6663650368042325,1
-0.8681027467955607,-0.19482148177193664,1
0.49626851783840975,1.324160149120414,0
-0.07027177562189837,1.2195658951635218,0
0.43270331671294776,-1.7732076098363863,1
-1.2692569642003009,-0.6915024559654495,1
-2.012134062880902,-0.7247662066474627,1
-0.7005291605798839,-0.4940073958463066,1
-0.40282090914465374,-0.5766910458938549,1
-1.1197789024400446,-0.3155194417152752,1
2.3328083801046584,-0.2967151026178899,2
0.2863711245761758,-0.9215010727984674,1
0.07743649352524629,1.5440930455366149,0
0.6210133873659767,-0.9371194869075975,1
-1.158183385548671,-0.5630944148751488,1
1.1147895552379756,-0.5553720999502592,2
1.3674595574297426,-1.0109597084937578,2
3.2664381050699602,-1.0180641708018119,2
1.0480866032494567,-1.766086776774201,2
0.8098056046112142,-0.8005101656185791,2
0.23479601394730915,-1.5737358880346908,1
5.40988953191217,-1.4396609082651228,2
4.007981316506149,0.9453631801730163,2
1.888797542702634,0.9442725395260438,0
-0.8888816641804238,-0.49950315153103364,1
-1.3893805771615666,-0.6132768820708951,1
3.310740976350045,2.9817292334801175,0
2.099071245156165,0.1870788900322144,2
0.6921577200449819,-1.4465079997372756,1
4.43573143769721,-3.7982819002291404,2
1.7277291569941298,-1.084730657987899,2
-0.47511779707603524,-0.7051320669814666,1
0.5499894219425622,-1.4386915153871278,1
-1.3185689851324878,-0.6284795386286153,1
-0.7896828497899365,-1.2534814202677325,1
1.102456056392572,-1.9639695362178875,2
-1.1500657074326444,-1.135675162027991,1
-1.0502868904799372,-1.6498012243063929,1
6.565023877621117,-2.0681354408395816,2
3.2753350363132996,1.3799796198152394,2
-0.09416880940394418,-1.1233889343446952,1
0.9877935258813204,1.1225357852784486,0
0.4196340982099473,1.0147125248208986,0
0.914513519489469,-1.9942060126822974,2
-1.1983611131411591,-1.0246778629534603,1
-0.20900415253697313,-0.6956317596882721,1
0.08708496468719193,-0.7815444162364779,1
-0.6298730286081989,-0.5203728120578983,1
2.5613743474620905,-1.9702142505506361,2
0.5673423673570918,1.3392396751939917,0
-0.8447340484070004,-0.9715877450437745,1
-0.14355436173714883,-0.6658132532757144,1
-2.1009241808745416,-0.312111077050811,1
0.35918900126175923,-0.2552106632553473,1
-0.37167935489135673,-0.4477553588073185,1
0.21591122452903547,2.350254163959257,0
2.5151957525890967,0.33373039501749024,2
2.5209089997682317,-0.6950744214440909,2
0.04523785550808892,-0.5292039319866959,1
-0.8346529819561408,-0.6203026523436639,1
4.389983656943866,-1.0527372999238835,2
0.726857944871774,4.503889232262871,0
3.2401752989808945,1.210211400803584,2
0.9089857950389425,1.3539792802112898,0
-1.8667918903261558,-0.2817366435957598,1
-2.2344717159083856,-0.14917164253320359,1
2.546173227246919,3.2530354671120008,0
2.0764043115007413,-1.4424677845670466,2
1.1160212290703435,0.5903276177161454,2
3.4525296478098246,-3.326198723791111,2
0.7682257906137555,-0.4514547704932934,1
-1.1202792808321989,-0.45260509246971026,1
-0.8967327967476268,-0.5708462922029423,1
-2.2438565787629328,-0.32916510924968995,1
-1.4294433849699368,-0.9901834436099104,1
0.13883565083952956,-1.5219727305260653,1
-2.072058060642671,-0.8423243788796578,1
-1.9023136657805297,-1.3043156026554905,1
5.562356330262156,-1.6331186508211935,2
2.3896417579026967,2.160453467948171,0
-0.14814873654095834,-0.6041334515024522,1
-1.1427646220668402,-0.1283686184826766,1
-0.5049701675464965,1.7175869804957529,0
0.18427005399416813,-1.2883104485283898,1
-1.5439188394715808,-0.6250495926761895,1
-2.13138710320064,-0.754320486125177,1
-0.9768101700622286,-0.4307835390577042,1
-1.335437823973527,-0.08364157387112521,1
1.8412833720617483,-0.09509073877592443,2
1.812997940469615,-1.6666179519121769,2
-0.3622855695338172,1.7137150284562555,0
-1.805507152269295,-0.5101974886326904,1
0.6067131644771104,-0.8231232256428498,1
-1.716452085539195,-0.22532638009563627,1
1.8670845624316983,2.6763206258575756,0
1.1049671155935643,-0.4324458864270318,2
0.3710330765409673,-0.628361384227391,1
1.3531593345408763,-0.8969634472290101,2
0.6979469097878298,1.108809211921764,0
3.4807072773639223,0.03801991559699189,2
1.0723484911284096,-1.025981218152625,2
0.7955053817223483,-0.6865139043538313,1
-0.31066309115190155,-0.6622055239774862,1
5.355495181718692,-1.3484477793443816,2
1.2470710669841079,2.7709235223034736,0
3.995173688032102,1.0623360921905907,2
1.874497319813768,1.0582688007907917,0
-1.4456577697561293,-0.15875846599869475,1
-1.3819521734452447,-0.2654147214865497,1
-1.9471012354144692,-0.09134734464901881,1
3.2964407534611784,3.095725494744866,0
2.086263616682117,0.30405180204978854,2
0.13388902005445796,-1.1087399649577634,1
4.3849077522790925,-3.6989586187524814,2
1.7134289341052633,-0.9707343967231512,2
-0.4894180199649015,-0.5911358057167188,1
-0.37274290594338755,-0.6127491638367644,1
-0.02379069814187053,-1.1328468391861446,1
-1.8768376851230115,-0.2907115038491028,1
-0.8084608559232574,-1.1484151112614642,1
1.0806928614296147,-1.864856528717272,2
-1.7128121906676232,-0.8068370795069579,1
-1.0720500854428947,-1.5506882168057776,1
6.512122121842457,-1.9739456611660144,2
3.261034813424434,1.493975881079987,0
0.5405117926196805,-0.7572221458821078,1
-0.6679489294883769,-0.8175442581437118,1
0.9749858974072724,1.2395086972960228,0
0.8927503245265114,-1.895093005181682,2
-1.0088953118178872,-0.6439590579899618,1
0.07278474179832581,-0.6675481549717303,1
-0.6441732514970651,-0.4063765507931505,1
2.8115257596735215,-0.3813665544422812,2
2.5396111524991336,-1.871101243050021,2
0.7619767755191551,-1.0123581818763427,2
0.5530421444682257,1.4532359364587393,0
-0.11021549504688577,-0.7281259988146243,1
-2.2319080290201234,-0.3271274879220834,1
1.1311172591063052,2.719634336959963,0
-0.3383951303858365,-0.5101770761464282,1
0.40194803265491713,-0.7152492290732594,1
0.2302114474179014,2.236257902694509,0
2.529495975477963,0.21973413375274253,2
2.5542478664584944,-0.7573871669830007,2
0.15159901932468545,-0.7615733748355337,1
0.07096126467779304,-0.6121900838159409,1
-0.8127373015467159,-0.7136255073180765,1
4.404283879832732,-1.1667335611886311,2
3.2529829274549416,1.0932384887860098,2
-1.8814675289369958,-0.19238557452269145,1
-1.902675478210072,-0.36050151743752507,1
-2.2583688153940047,-0.15324688518841661,1
2.560473450135785,3.1390392058472534,0
2.0951823176340625,-1.5475340935733148,2
1.1288288575443912,0.47335470569857124,2
-0.3868342847103695,-1.2038267609087387,1
3.486141725423802,-3.3879666103290216,2
0.7810334190878031,-0.5684276825108676,2
-1.1873080356875008,-0.44445506316265526,1
-0.8896584819479355,-0.6974992566425722,1
-0.49358837886469004,-0.5771680341456077,1
0.1605988458024871,-1.6210857380266805,1
-2.260062617583765,-0.8671078880715423,1
-1.9262107652661489,-1.3083908453107036,1
5.595640554767676,-1.695540368160303,2
2.3098235115384744,1.6756900992357375,0
-0.16499368062347772,-0.6312148096183796,1
-1.1284643991779741,-0.24236487974742438,1
-0.545877426564878,1.3104230042413971,0
0.20304806012748916,-1.3933767575346583,1
-1.5296186165827146,-0.7390458539409372,1
-2.3471535833672856,-0.7927070478380999,1
-0.9640025415881808,-0.5477564510752785,1
-0.6555671040065087,-0.6035610375790074,1
-1.3728140062722618,-0.16538309846571697,1
1.8540910005357962,-0.21206365079349865,2
-0.2293286536714172,-0.8534270960645988,1
-0.3981691574177334,1.63495015461449,0
-1.772168285579032,-0.5725102341716002,1
0.9884708995372737,-0.9282503442466931,2
-1.3346943504790318,-0.3304534986994794,1
2.2488422974918616,2.5711935072537324,0
1.4926607174594788,-0.525735226314432,2
1.7349170696010392,-1.0020905658328532,2
1.0737687780422418,0.991844314601478,0
3.8624650124240856,-0.06710720300685136,2
3.633895617241257,-1.0091950281409072,2
1.405130465370547,-1.7779853650882187,2
0.047871398966742265,-1.3618627028339434,1
5.737252916778855,-1.453574897948225,2
1.6228929352385197,2.653958624983188,0
4.378910045360849,0.9611548998255618,2
2.0313774736552404,-0.04453277706171532,2
3.403545116019134,-1.8834471525702559,2
2.4699999740108645,0.20287060968475978,2
0.5156467551146209,-1.2138670835616063,1
4.756772375996337,-3.8238153685503957,2
2.0951866691654266,-1.075861515326994,2
-0.13993279261820765,-1.3098289939386012,1
-1.4950799500628484,-0.3958386224529459,1
-0.43263898766884556,-1.26538000858175,1
1.4525574851468588,-1.9897132785151868,2
-1.3369903224132116,-0.9238019768272439,1
-0.7001854617256505,-1.675544966603692,1
6.935952606475817,-2.0523437211870363,2
3.6317589116351425,1.3658553561560942,2
0.9222695276798434,-0.8623492644859508,2
1.3587222547360196,1.1383275049309942,0
0.7870916103812442,1.0235816674818032,0
-0.6271375767577242,-0.7490861765938049,1
-1.3852857281217261,-0.8128046777527133,1
0.16192457631772583,-0.6798400400357267,1
0.4117096479673456,-1.4073015774217028,1
3.1952621170022684,-0.48254774680731,2
2.9114757762163777,-1.9959579928479354,2
1.08440549370475,-1.785009617270848,2
0.9347998795283889,1.3481088178548961,0
-0.4662428993862493,-0.9397251960628199,1
-0.47293458630565194,-0.5713153644849434,1
-2.2583688153940047,-0.15324688518841661,1
0.010177488972341924,-0.5660001614486614,1
-0.5938699486588926,-0.04397814198842504,1
-0.10136247686947913,2.3061536338753696,0
2.1477382404178,0.3248612523565856,2
2.1915287751997283,-0.6005765326533198,2
-0.2111200719340808,-0.6047627405058527,1
-0.29175782658097305,-0.4553794494862599,1
-1.175456392805482,-0.5568148729883955,1
0.4095842434732593,4.459788702178984,0
2.869246570126195,1.1944196811510386,2
0.6418959044132104,1.2746473627044206,0
-2.0439920471431408,-0.17757873717112765,1
-2.1262663234313295,-0.340395154812294,1
-2.2822659148796234,-0.15732212784362964,1
2.4038215606615014,3.6055350126700496,0
0.7450925002156444,0.5745358980636,0
-0.7577293172984952,-0.892978572818795,1
3.1261259843575773,-3.2257647395684024,2
0.39729706175905655,-0.46724649014583897,1
-1.2413439363572474,-0.5176952159928413,1
-0.8753461139248532,-0.47204091554176475,1
-1.9629262991930791,-0.4226868610215177,1
-0.10852837983898833,-1.55922273888219,1
-2.283959717069384,-0.8711831307267552,1
-1.950107864751768,-1.3124660879659165,1
2.0187130290479978,2.144661748295625,0
-0.3695730837078263,-0.38189667876322175,1
-1.4098545126925723,-0.20770053598954608,1
-0.150941220498634,1.3715922862564711,0
-0.8257150856284132,1.6665638734202253,0
-0.12258999735414025,-1.3116432476373545,1
-1.893592858200374,-0.40166978637548617,1
-1.3477388989169274,-0.44657525871024967,1
-0.8677347629469274,-0.5524445655182736,1
-1.6059989312826615,-0.1698960683696354,1
1.541941109678498,-1.1171000636661643,2
-0.6110863887315803,-0.7482999774607558,1
-0.6293754601595494,1.634383110949386,0
-2.2497637538527995,-0.34776186763452094,1
0.5202401602465213,-0.7240559053334052,1
-1.5876810912092187,-0.2646595668395547,1
1.7806115582011088,2.77538794616702,0
1.0202714203193481,-0.3298341149321408,2
0.28515250862916897,-0.5281125801894643,1
1.2666863303102867,-0.7978961269195655,2
0.8797057465127054,2.292011511901566,0
3.394234273133333,0.13708723590643646,2
3.1656648779505048,-0.8050005892276195,2
0.98587548689782,-0.9269138978431805,2
0.7090323774917586,-0.5874465840443867,1
5.269022177488102,-1.2493804590349376,2
1.6058964654160102,4.307246073151817,0
3.909293120120303,1.1625848962285175,2
-1.2531811791152683,-0.3047479082304682,1
-1.8177378047657018,-0.12949904766445508,1
3.209967749230589,3.1947928150543103,0
2.0003830487703187,0.40430060608771534,2
0.27369365123388845,-1.125079745381632,1
4.33556669375916,-3.583015584741441,2
1.6525876103137307,-0.6374817821217236,2
-0.575891024195491,-0.4920684854072742,1
0.10320298723173267,-1.1757244771155095,1
-1.7591003276424892,-0.3530380969130711,1
-0.89671116911022,-1.052892242137466,1
0.9912576756050695,-1.7716966270502386,2
-1.5747848684445658,-0.826721311116273,1
6.4553020443858165,-1.8739071311041309,2
3.1745618091938437,1.5930432013894316,0
0.454038788389091,-0.6581548255726634,1
-0.4789701000831705,-0.18661127054036747,1
0.8033151387019665,-1.8019331035146482,2
-0.8801243174879106,-0.6832922447338804,1
-1.634113911002535,-0.7387174183617923,1
-0.013688262432263659,-0.5684808346622857,1
-0.7306462557276544,-0.30730923048370595,1
2.725645191761723,-0.28111775040435444,2
2.450175966674589,-1.7779413413829872,2
0.6354096439839525,-0.9360739939109051,1
0.4665691402376363,1.552303256768184,0
-0.9344736386770018,-0.7355307571495323,1
-0.23517876061658288,-0.6784561089255382,1
-2.2199594792773136,-0.3250898665944769,1
1.0023462647763288,2.758967523703882,0
0.2664861382097687,-0.27000427811964106,1
0.48842103688550653,-0.8143165493827039,1
2.6159689797085526,0.12066681344329781,2
2.4292846008887974,-0.7077172770939146,2
0.24187975231555423,-0.8503039919998107,1
-0.05400200089190413,-0.5625201939268548,1
-0.937700567116413,-0.6639556174289905,1
4.530851011367935,-1.2430177491540688,2
3.123619496806174,1.1313901918014462,2
-1.9565518296066862,-0.1785550199945446,1
-2.0314464725400487,-0.3211683306936065,1
-2.246420265651195,-0.15120926386081013,1
2.183432630821025,-1.6430569626973128,2
1.2147094254561899,0.3731059016606445,2
-0.5156052790403459,-1.1644935741648204,1
3.5779466877785504,-3.4736574878035142,2
0.8669139869996016,-0.6686764865487944,2
-1.0146217475176325,-0.6478293667534861,1
-1.5701731304495967,-0.9654441526222819,1
-2.2481140678409557,-0.8650702667439357,1
-1.9142622155233393,-1.306353223983097,1
5.725710569190382,-1.7620958009185297,2
2.396296515769064,1.5766227789262932,0
-0.28995694619317486,-0.5815449197292936,1
-1.2572353935079508,-0.20303169300350593,1
0.10343170618134535,1.3085627969068787,0
0.0620914947239289,-1.7444821161581243,1
-2.33814999104671,-0.7992855222840851,1
-1.0933659722369482,-0.5096047480598421,1
-1.5089115491524348,-0.32372965294684436,1
-0.14285564944082763,-0.9524944163740435,1
-0.31169615318714405,1.5358828343050452,0
-1.6818875525881631,-0.6612408513358772,1
1.368983320389437,-1.0358376203353221,2
-1.169425928187434,-0.2996402677347455,1
2.629354718344025,2.4636062311651026,0
1.8812831888892678,-0.6171487931102472,2
1.1379852049144197,-0.8317386162501109,2
1.44617114831678,0.8680833292200346,0
4.01440803809342,-1.1167823042295364,2
1.8346186470407362,-1.2386956128450974,2
1.557775537634675,-0.8992282990463036,2
0.24739670304931344,-0.7135260052965456,1
6.146825828086177,-1.5613724480128972,2
1.995295305513058,2.5301976396017443,0
4.762125816405553,0.8589588601678706,2
2.6367674757260944,0.8455544060983194,2
-0.8939496399432431,-0.2237351909680515,1
-0.834926016093484,-0.3397286091256589,1
-1.406426742451037,-0.17931747593842556,1
4.058710909373505,2.8830111000523937,0
3.7759474862936724,-2.0072081379516997,2
2.893309872360183,0.12345770237107559,2
0.6809151774062185,-1.1830538525968723,1
2.9713280602801326,-2.574353756260085,2
2.4756990900175904,-1.1834487914156233,2
0.2728521359474253,-0.803850200409191,1
0.17428325140837325,-0.6870630514758737,1
0.5202231786759677,-1.2121788085144611,1
-1.3298115277712508,-0.365025391488212,1
-0.06023661739430736,-1.3891409939631933,1
-1.1687983138497848,-0.8861690488352745,1
-0.3331897918361958,-1.8100884248470117,1
7.319168377520523,-2.1545397608447274,2
4.02330496933676,1.2812614863875147,2
1.3027819485320074,-0.9699365405745802,2
1.741938025780725,1.0361314652733031,0
1.1676040312334082,0.9159943913931741,0
-1.2281273564077537,-0.7981651560807936,1
0.545140347362431,-0.7820360796934179,1
0.8350548977106523,-0.8802625496642026,2
0.11809690441526166,-0.6190909454856227,1
3.5784778880469736,-0.5847437864650011,2
3.2784714461058324,-2.1305014510912557,2
1.5242469314314817,-1.2250725765688149,2
-0.8306006345961392,-0.4017078695253086,1
-2.184113830048885,-0.31897700261165735,1
0.3688471031939785,2.9323487316524353,0
-0.33257663081633865,-0.0005170018274622198,1
-1.010114936717267,-0.22201860325406864,1
-0.36032212325740964,-0.5025348343807872,1
-0.5320587084944253,2.4489722973869816,0
1.7672258195656363,0.4324485284452147,2
-0.5687861202245681,-0.43515524554621804,1
0.003505789048941877,-0.5512721728349752,1
-1.3178784425354035,-0.525607885082124,1
3.642013723920406,-0.954019166496159,2
0.5345541945776409,4.365351527661131,0
2.4860307990814894,1.2966157208087297,2
0.2111996727882645,1.4174660262160321,0
-2.1486610918496525,-0.32338444497109053,1
-2.2105746164227664,-0.14509639987799056,1
1.8483871049962408,3.316522213116744,0
-0.9037881614112793,-1.0548359512237415,1
2.773348973649347,-3.0464071361698375,2
0.014081290714351087,-0.3650504504881478,1
-1.4203183928689977,-0.39743707854425736,1
-1.0295808993669966,-0.4798607401864488,1
-2.230993116126768,-0.3480832729145268,1
-1.6274996565965532,-0.953848087640823,1
-0.5114892013200016,-1.3446337480606423,1
-2.0936605648554765,-1.1618398529469145,1
4.873736937663463,-1.372150507844961,2
1.5475533556261478,1.8884044939282096,0
-0.7850111986271664,-0.3752594551750288,1
-0.5341569915433395,1.4737883259141622,0
-0.995640102725564,1.3564925116016202,0
-1.8402327951892525,-0.6075169922627566,1
-2.3317539160406224,-0.8793336160371813,1
-1.4588882923929405,-0.4750814383739787,1
-1.7998386442418142,-0.17793024341204644,1
1.0871388721623436,-0.008686418770778803,2
1.0959008418258733,-1.5063307513715583,2
-0.9915988095837439,-0.6407127013721267,1
-0.1639833248864062,1.4410906054554322,0
-2.0325986534127876,-0.476212759916402,1
1.9021997334781666,2.9284171191660957,0
1.1593997368988662,-0.14182499406892507,2
0.41258739767371344,-0.3634234245690085,1
0.7137446305754651,1.322381306180698,0
3.515822448410391,0.2901164089055121,2
1.0451063179037707,-1.447448373508999,2
0.8306205527688167,-0.434417411045311,2
-0.3231863853494884,-1.0543191175747737,1
5.39061035276516,-1.0963512860358615,2
1.2628687877717433,2.9844956165624072,0
3.9415454552615037,0.9543848619763439,2
1.6713533261884637,0.2860042145175045,2
-1.413647319512356,-0.09592220851030832,1
-1.3468370023987764,-0.013318228178029346,1
3.3315559245076467,3.347821988053386,0
3.043520968552358,-1.552910160991036,2
2.070234958823531,0.27108464108882374,2
0.16900419110092624,-0.8566434716492429,1
4.427921300198786,-3.488286324849265,2
1.7485441051517319,-0.718637903414631,2
-0.326594098047465,-0.3376592642081943,1
-0.007992977354235282,-0.9192747449272108,1
-1.841722514076543,-0.03861501054058247,1
-0.7926631351356221,-0.9348430170025303,1
1.0836122820446945,-1.6769673671580623,2
-1.0691306648278147,-1.3627990552465679,1
6.593770570279816,-1.6862245691636248,2
3.296149984470902,1.7460723743885072,0
0.575626963666149,-0.5051256525735877,1
-0.6411175718512876,-0.580978757564728,1
0.9510772613278731,1.1908266556746638,0
0.4404490463675496,1.3808052793941668,0
0.8956697451415911,-1.7072038436224724,2
-0.9737801407714188,-0.39186256468144165,1
-0.18025745987827485,-0.31372088801231535,1
0.05168550050056914,-1.076764585842483,1
-0.6090580804505967,-0.1542800574846302,1
2.8530800808062677,-0.11642859478389848,2
2.542530573114213,-1.6832120814908114,2
0.6842872189333602,-1.4772557580356351,2
0.5881573155146941,1.7053324297672594,0
-0.8239191002493982,-0.6054949904705064,1
-0.2669444115481842,-0.4116819243365207,1
-2.1986260666799566,-0.143058778550384,1
0.9791156419266215,2.9851593757048347,0
0.22543832369506822,-0.20480987813124168,1
-0.4968220865328918,-0.014050813549963577,1
0.3668328616084486,-0.9673457223817797,1
-0.02014772218913286,2.1225619164393517,0
2.494380804431495,-0.032362359555777855,2
2.387658729577607,-0.6436756840444713,2
0.2002538810043635,-0.7862623989503672,1
-0.08124673001214831,-0.28673002671077913,1
-0.775116076716492,-0.7613079377529599,1
4.369168708786264,-1.4188300544971513,2
2.9961846077616294,0.9667010361809906,2
-1.8831086383040458,-0.18206689017284744,1
-1.8662733193100232,-0.23478638478211383,1
-2.2225231661655758,-0.1471340212055971,1
2.4303919767513715,3.4482791425459656,0
1.0872745364116452,0.20841674604018873,2
-0.36105581065123715,-1.1075273081911698,1
3.5900890901302636,-2.936249809434629,2
-1.3538971725683886,-0.3307435802241257,1
-0.5176699130617043,-0.8062711211340782,1
-2.2429416658695778,-0.3501208942421333,1
-1.6566891645607755,-0.30640849504099804,1
0.23409600906471395,-1.2410672637475584,1
5.644183256173408,-1.7204530712334414,2
2.360895065243999,1.7785425962722141,0
-0.3235660518837328,-0.3184470995575434,1
-1.1635795702244427,-0.49446137305594484,1
-0.02400318286319918,1.1438736412864228,0
-2.2222478482309573,-0.879548768681646,1
-1.1675617115996646,-0.5324607975162899,1
-1.6132310491403958,-0.24827959532796479,1
1.8747802435100185,0.013266574614342358,2
1.686721258584709,-1.3092365481920212,2
-0.2606360959576062,-1.0951868862279515,1
-0.4332843284642018,1.3828536613059694,0
0.3722671209787976,-0.7270116672689632,1
-1.7356541304769422,-0.2676153287751126,1
1.6326385189333852,2.772432184231462,0
0.8705987215156752,-0.3361794733897035,1
0.1366129161827956,-0.532198207632357,1
1.1187132910425632,-0.8008518888551234,2
0.7317327072449816,2.289055749966008,0
3.246261233865609,0.13413147397087843,2
3.017691838682781,-0.8079563511631775,2
0.8379024476300966,-0.9298696597787385,2
0.5610593382240351,-0.5904023459799447,1
-0.31883149924019455,-0.6815010663369127,1
5.110015501370923,-1.2753296272905452,2
1.4579234261482863,4.304290311216259,0
3.7607535276739297,1.1584992687856246,2
1.6400512763154549,1.1543803591646782,0
-1.4648339315537346,-0.20099579645702376,1
-1.4011542183829917,-0.3077036701660262,1
-1.966277397212075,-0.13358467510734784,1
3.0619947099628653,3.191837053118753,0
2.793199554845986,-1.6705255515395252,2
1.8518434563239456,0.4002149786448226,2
0.11468697511671054,-1.1510289136372398,1
4.150332293080073,-3.6031051514843315,2
1.5040480178673572,-0.6415674095646163,2
-0.7238640634632145,-0.4950242473428321,1
-0.3919449508811347,-0.6550381125162407,1
-1.8960397300607588,-0.3330004525285792,1
-1.0429845488419944,-1.0524584075510193,1
-1.7210582481763403,-0.8262874765298263,1
-1.3066255446419144,-1.4548347495376273,1
6.3177960887888975,-1.8549993522269739,2
3.026588769926121,1.5900874394538735,0
-0.626943139350894,-0.18956703247592538,1
0.7405657370491009,1.335671873891057,0
0.17088783182276823,1.2248203444595331,0
0.6581748653274916,-1.7992395379135318,2
-1.0280973567556344,-0.6862480066694383,1
-1.780387290734309,-0.7382835837753454,1
-0.16166130169998724,-0.5714365965978435,1
-0.8786192949953782,-0.3102649924192638,1
2.5769690342159493,-0.285236575582399,2
2.3049163836274746,-1.775246561369591,2
0.48730291552128896,-0.9390572182237096,1
0.31859610096991264,1.5493474948326258,0
-0.11005209391053553,-0.7375205658609857,1
-2.2179733453662753,-0.27812422736713516,1
1.1503193040440522,2.761923285639439,0
0.3741243361285197,-0.37217471431277055,1
-0.35198152223858653,-0.5552216571736424,1
0.6363940761532302,-0.811360787447146,1
2.5429880813140064,-0.797791843464865,2
-0.8121843509789817,-0.7150033712489852,1
4.638729923331045,-1.262845119562518,2
0.9756042112589529,4.293781412624236,0
3.272159089252548,1.135475819244339,2
1.157732061426122,1.1438714605726557,0
-1.9452377315625282,-0.20219876812692322,1
-1.8834734332723253,-0.3182125687580487,1
-2.6295054708180654,-0.03326264274881792,1
2.3297060105527994,-1.6434907972837596,2
1.363249017902563,0.37719152910353737,2
-0.3676322397726224,-1.1615378122292623,1
1.015453579445975,-0.6645908591059014,2
-0.8632305289210136,-0.6425536047882136,1
-0.49553029994377334,-1.1252624819532473,1
-1.500588178290712,-1.0081914617480705,1
0.395174305001507,-1.7169392052948307,1
-2.1845517924695264,-0.7992527222740606,1
5.837392288780104,-1.8562023238968732,2
-0.17625346576796566,-0.6716194861002438,1
-1.1092623542402271,-0.20007593106794802,1
0.2519712986277186,1.3126484243497716,0
-0.31143138306656487,1.2143114458675104,0
0.20723176809840402,-1.7471756817592408,1
-2.2438808350274946,-0.7112488295195799,1
-0.9448263797905749,-0.5055191206169493,1
-0.6439805165893203,-0.5819454951898662,1
-1.3609385098847113,-0.3207738910112865,1
2.088374595794567,-0.30826002512368444,2
1.8539732863983869,-1.7231827052153,2
-0.16372311391942038,1.5388385962406033,0
-1.5683177613578942,-0.7513428800840742,1
-0.3387395923595328,-0.3994658972747504,1
-2.242684638929578,-0.10094119810704527,1
1.0178940796852238,3.291951854030314,0
0.1338970578401652,-0.24294517556138945,1
-0.5836928522894701,-0.04012880046336769,1
0.39837839964977145,-0.6749776691880128,1
0.011397815852189895,2.414929969633119,0
2.5259263424728173,0.260005693637989,2
2.301164676050268,-0.6717454283508993,2
0.11756755623730457,-0.8039954401116279,1
-0.1448512724109079,-0.252693521777623,1
-0.8239223920724204,-0.6940273537231652,1
4.400714246827587,-1.1264620013033848,2
0.7375885347554944,4.43016453088337,0
3.0349630455202323,1.2734935145064694,2
0.9197163849226629,1.2802545788317887,0
-1.905305946471016,-0.13528844623480024,1
-2.689248219532113,-0.04345074938685052,1
2.4691704145099735,3.755071620871445,0
1.1260529741702472,0.5152092243656676,2
3.5086422489304905,-2.9542540006173375,2
-0.8970358437133605,-0.6675643999024932,1
-0.4861243750203817,-0.5139030679403114,1
-1.743183218088114,-0.3344782393474262,1
0.19093361435398412,-1.1470622098735765,1
-2.2097823687258478,-0.806173842077282,1
-1.9996824822301758,-1.274560660139189,1
2.399673503002601,2.0853350745976926,0
-0.4076471903139648,-0.3389617893028518,1
-1.13203403218312,-0.20209331986217782,1
-2.269111411283817,-0.7181699493228013,1
-1.1820224235228904,-0.36750142535481894,1
-0.8819961930927791,-0.44556237693073303,1
-1.5908338882069715,0.014871927254742519,1
1.9278821637948587,0.34886323475228304,2
1.696443035992634,-1.0601520266969213,2
-0.40173879042287897,1.6752217144997368,0
-1.7991075297721781,-0.6023030586500587,1
0.6102827974822562,-0.8633947855280965,1
-1.7128824525340494,-0.2655979399808828,1
1.870654195436844,2.636049065972329,0
1.1061554997057053,-0.47746632265782823,2
1.3567289675460221,-0.9372350071142568,2
0.7038977916859804,1.0732865283820672,0
3.484276910369068,-0.002251644288254787,2
3.2557075151862396,-0.9443394694223107,2
1.035259479014286,-1.6965431513076294,2
0.7990750147274939,-0.7267854642390779,1
-0.32199958738951895,-1.2804204890533544,1
5.399158942028451,-1.3659362068856216,2
1.2530219488822585,2.735400838763777,0
3.9099999172201807,0.662016808782577,2
1.661506487298979,0.036909436718873756,2
-1.4451928575536785,-0.38829026170407527,1
-1.9440796441469448,-0.3157804071766292,1
3.033674129662873,-1.8020049387896666,2
4.43254026074386,-3.7085322523844715,2
1.7169985671104093,-1.0110059566083978,2
-0.5098037789744689,-1.228386780158012,1
-0.36917327293824187,-0.6530207237220109,1
-0.017839816243719987,-1.1683695227258413,1
-1.8732680521178657,-0.33098306373434944,1
-0.8025099740251068,-1.183937794801161,1
1.0882312425897682,-1.897213294693269,2
-1.6958276719200185,-0.8193663567266047,1
-1.064511704282741,-1.5830449827817745,1
6.554992132521214,-1.993017047489104,2
3.2646044464295794,1.4537043211947405,0
0.5440814256248261,-0.7974937057673545,1
-0.6509644107407723,-0.8300735353633587,1
0.40890350832622685,1.0884372262004,0
0.9002887056866653,-1.927449771157679,2
-1.0053256788127414,-0.6842306178752084,1
-1.7551567144779874,-0.731362463972124,1
-0.21903589763687698,-0.6205133663377944,1
0.04183866161108444,-1.3258593636411136,1
-0.6406036184919195,-0.446648110678397,1
2.814165077948265,-0.42325427084452943,2
2.5470302239866487,-1.9034567946137382,2
0.674315318562316,-1.7263607921377968,2
0.5566117774733715,1.412964376573493,0
-0.8445646906362069,-0.8748970997214702,1
-1.448468604681151,-0.39485294522956355,1
2.1350680432897424,2.506794060723648,0
1.376738162625627,-0.5944189851997407,2
0.6402790794570176,-0.7953701272409122,1
1.62114281539892,-1.0664900123629375,2
0.9621428244718553,0.931729180426618,0
3.7486907582219664,-0.13150664953693547,2
3.520121363039138,-1.0735944746709918,2
1.2935045118001607,-1.8381004992630785,2
-0.06375455460364415,-1.4219778370088034,1
2.142480800671812,0.8887422356568643,2
-1.6796657962940467,-0.44503541242531003,1
3.564424234319222,2.9261989296109387,0
3.291919162448748,-1.943562286745116,2
2.355509619598167,0.13704305903626746,2
0.44196662821711497,-1.2554833977476838,1
1.9814124149633072,-1.1402609618570783,2
-0.2214345391068575,-0.7606623708506461,1
-0.10475942508534364,-0.7822757289706916,1
0.24040521654215474,-1.3099268706812905,1
-1.6088542042649676,-0.46023806898303016,1
-0.5442649412392322,-1.32549514275661,1
1.3423637319976274,-2.0469722044532306,2
-1.4375826391341437,-0.9609237046820539,1
-0.8103792148748818,-1.7328038925417357,1
6.821462252063119,-2.1181712718355286,2
3.5290182942824773,1.3244493159460597,2
0.8084952734777244,-0.9267487110160354,2
-0.39271937795489753,-0.971630883318808,1
1.2442319003233226,1.0724999542825016,0
1.1544211950945245,-2.0772086809176407,2
-0.7519454678092975,-0.836479029443939,1
-1.4969116816921126,-0.8729198119275732,1
0.04743422190502913,-0.7456675906842191,1
0.3407682226563699,-0.8370747201056575,1
-0.37618977063902104,-0.5759031159270778,1
3.0806351974901713,-0.5484084951909542,2
2.8011627133945076,-2.0532157043736996,2
0.9897324398776459,-1.2046953417315234,2
-0.5911844796327628,-1.0271455112902008,1
-0.6277125333080101,-0.5132292549338421,1
-2.612085694777781,-0.20338241996788003,1
0.5831583907629455,2.851837455679404,0
-0.13668560507975663,-0.125992513019477,1
0.06923316287212351,-0.7214466174071809,1
-0.3177474209254579,2.3684610214139505,0
2.196781105695169,0.21353674541882095,2
2.0367508281973703,-0.5424904231022186,2
-0.15065402037587308,-0.6850771380081148,1
-0.4465357735833313,-0.39729333993515875,1
-1.1149903412472744,-0.6371292704906575,1
4.071569010049938,-1.1729309495225526,2
0.4084432979778466,4.383695582664202,0
2.69887249947132,1.2131736769461148,2
0.5905711481450151,1.2337856306126207,0
-2.187571404709696,-0.1235689819304064,1
-2.216351704191469,-0.31501539004560875,1
-2.6414540205608747,-0.03530026407642446,1
2.0125145817924257,3.2712423245666953,0
-0.7009000601231499,-1.1663573366322753,1
3.203142866083953,-3.2730721523259314,2
-1.7048050739486251,-0.22955831928187315,1
-1.1919115216484937,-0.621003019815153,1
-0.8152696117980294,-0.5603720161594795,1
-2.6479313440062096,-0.20949528395069966,1
-2.0022527433157085,-0.7437708223160715,1
-2.441403250116813,-0.7687766477335481,1
5.278503042145521,-1.6497171818880674,2
-0.682490718884602,-0.41631806573759755,1
-1.4611792689607679,-0.2485622680813459,1
-0.3213152911535093,1.3903462820515469,0
-0.8310289684955046,1.5821487495849205,0
-1.831871656283273,-0.662549617113518,1
-2.5272369094748894,-0.7583176169413915,1
-1.5181129695718028,-0.4278212629151737,1
-1.173064142267633,-0.3886642936982253,1
-1.9269244342558838,-0.04544791030561232,1
1.5150880060133394,-0.23056216742190905,2
1.3174407556178869,-1.5721869734843872,2
-0.7308840272005271,1.6287527662805683,0
-2.0745550144745306,-0.49604145972142777,1
0.13110751353413092,-0.7322661165649745,1
1.391478911488719,2.767177734935451,0
0.6200262787729353,-0.3602057491096088,1
0.8775536835978966,-0.8061063381511346,2
0.49057309980031516,2.2838013006699973,0
3.0051016264209425,0.128877024674867,2
2.776532231238114,-0.8132108004591889,2
0.5967428401854298,-0.9351241090747496,1
0.31989973077936856,-0.595656795275956,1
-0.559991106684861,-0.686755515632924,1
4.879889530775712,-1.2575906702665065,2
1.2167638187036198,4.299035861920248,0
3.5164563084632383,1.1469875440149817,2
1.3988916688707884,1.149125909868667,0
-1.7091311507644258,-0.21250752122766642,1
-1.6423138258276584,-0.31295811946203744,1
-2.2105746164227664,-0.14509639987799056,1
2.8208351025181986,3.186582603822741,0
1.6075462371132543,0.38870325387417987,2
-0.12647263232795591,-1.156283362933251,1
3.9248607444655295,-3.5770732234071856,2
1.259750798656666,-0.6530791343352591,2
-0.9650236709078811,-0.5002786966388434,1
-0.26378352779718045,-1.1387798590811302,1
-2.1371993375054257,-0.33825490182459045,1
-1.2747313209885873,-1.0389410304231366,1
0.6206458536160506,-1.7429711333719762,2
-1.5320970932564584,-1.4288028214604818,1
6.073498869578207,-1.866511076997616,2
2.785429162481454,1.5848329901578622,0
0.06490614167670086,-0.6663650368042325,1
-0.8681027467955607,-0.19482148177193664,1
0.49626851783840975,1.324160149120414,0
-0.07027177562189837,1.2195658951635218,0
0.43270331671294776,-1.7732076098363863,1
-1.2692569642003009,-0.6915024559654495,1
-2.012134062880902,-0.7247662066474627,1
-0.7005291605798839,-0.4940073958463066,1
-0.40282090914465374,-0.5766910458938549,1
-1.1197789024400446,-0.3155194417152752,1
2.079444835012931,-1.7492146332924454,2
0.24614330807662244,-0.944311667519721,1
0.07743649352524629,1.5440930455366149,0
-1.3347736114337863,-0.7667618370783981,1
0.13110751353413092,-0.7322661165649745,1
1.391478911488719,2.767177734935451,0
0.6200262787729353,-0.3602057491096088,1
0.8775536835978966,-0.8061063381511346,2
0.49057309980031516,2.2838013006699973,0
3.0051016264209425,0.128877024674867,2
2.776532231238114,-0.8132108004591889,2
0.5967428401854298,-0.9351241090747496,1
0.31989973077936856,-0.595656795275956,1
-0.559991106684861,-0.686755515632924,1
4.919983658080325,-1.2348075379224996,2
1.2167638187036198,4.299035861920248,0
3.5164563084632383,1.1469875440149817,2
1.3988916688707884,1.149125909868667,0
-1.7091311507644258,-0.21250752122766642,1
-1.6423138258276584,-0.31295811946203744,1
-2.2105746164227664,-0.14509639987799056,1
2.8208351025181986,3.186582603822741,0
1.6075462371132543,0.38870325387417987,2
-0.12647263232795591,-1.156283362933251,1
3.964954871770143,-3.5542900910631787,2
1.259750798656666,-0.6530791343352591,2
-0.9650236709078811,-0.5002786966388434,1
-2.1371993375054257,-0.33825490182459045,1
-1.2747313209885873,-1.0389410304231366,1
0.6206458536160506,-1.7429711333719762,2
-1.5320970932564584,-1.4288028214604818,1
6.073498869578207,-1.866511076997616,2
2.785429162481454,1.5848329901578622,0
0.06490614167670086,-0.6663650368042325,1
-0.8681027467955607,-0.19482148177193664,1
0.49626851783840975,1.324160149120414,0
-0.07027177562189837,1.2195658951635218,0
0.43270331671294776,-1.7732076098363863,1
-1.2692569642003009,-0.6915024559654495,1
-2.012134062880902,-0.7247662066474627,1
-0.7005291605798839,-0.4940073958463066,1
-0.40282090914465374,-0.5766910458938549,1
-1.1197789024400446,-0.3155194417152752,1
2.079444835012931,-1.7492146332924454,2
0.24614330807662244,-0.944311667519721,1
0.07743649352524629,1.5440930455366149,0
-1.3347736114337863,-0.7667618370783981,1
